time;model_id;model_name;port_name;data
0;1;(17,7);;<0>
0;2;(15,5);;<1>
0;3;(19,9);;<0>
0;4;(2,7);;<0>
0;5;(0,5);;<1>
0;6;(5,1);;<0>
0;7;(14,5);;<1>
0;8;(1,5);;<1>
0;9;(12,8);;<0>
0;10;(15,12);;<2>
0;11;(11,3);;<0>
0;12;(0,12);;<2>
0;13;(7,8);;<0>
0;14;(15,7);;<0>
0;15;(17,5);;<1>
0;16;(0,7);;<0>
0;17;(2,5);;<1>
0;18;(16,5);;<1>
0;19;(3,5);;<1>
0;20;(19,18);;<0>
0;21;(2,3);;<0>
0;22;(0,1);;<0>
0;23;(0,14);;<0>
0;24;(11,5);;<1>
0;25;(4,5);;<1>
0;26;(1,1);;<0>
0;27;(10,5);;<1>
0;28;(14,1);;<0>
0;29;(5,5);;<1>
0;30;(13,5);;<1>
0;31;(6,5);;<1>
0;32;(16,12);;<2>
0;33;(17,8);;<0>
0;34;(7,5);;<1>
0;35;(3,12);;<2>
0;36;(12,5);;<1>
0;37;(8,5);;<1>
0;38;(9,5);;<1>
0;39;(11,19);;<0>
0;40;(14,12);;<2>
0;41;(4,19);;<0>
0;42;(1,12);;<2>
0;43;(6,17);;<0>
0;44;(18,5);;<1>
0;45;(19,10);;<0>
0;46;(0,9);;<0>
0;47;(19,5);;<1>
0;48;(17,12);;<2>
0;49;(2,12);;<2>
0;50;(14,19);;<0>
0;51;(11,12);;<2>
0;52;(1,19);;<0>
0;53;(4,12);;<2>
0;54;(8,19);;<0>
0;55;(9,16);;<0>
0;56;(10,12);;<2>
0;57;(5,12);;<2>
0;58;(6,12);;<2>
0;59;(18,0);;<0>
0;60;(13,12);;<2>
0;61;(18,18);;<0>
0;62;(13,0);;<0>
0;63;(6,0);;<0>
0;64;(12,12);;<2>
0;65;(7,12);;<2>
0;66;(10,19);;<0>
0;67;(8,12);;<2>
0;68;(10,16);;<0>
0;69;(9,12);;<2>
0;70;(18,12);;<2>
0;71;(2,9);;<0>
0;72;(19,7);;<0>
0;73;(19,12);;<2>
0;74;(3,18);;<0>
0;75;(17,2);;<0>
0;76;(15,0);;<0>
0;77;(19,19);;<0>
0;78;(2,2);;<0>
0;79;(0,0);;<0>
0;80;(5,4);;<0>
0;81;(14,0);;<0>
0;82;(1,0);;<0>
0;83;(15,2);;<0>
0;84;(17,0);;<0>
0;85;(0,2);;<0>
0;86;(2,0);;<0>
0;87;(16,0);;<0>
0;88;(3,0);;<0>
0;89;(0,11);;<0>
0;90;(11,0);;<0>
0;91;(4,0);;<0>
0;92;(10,0);;<0>
0;93;(14,4);;<0>
0;94;(5,0);;<0>
0;95;(12,0);;<0>
0;96;(3,17);;<0>
0;97;(7,0);;<0>
0;98;(8,0);;<0>
0;99;(9,0);;<0>
0;100;(19,15);;<0>
0;101;(19,0);;<0>
0;102;(0,3);;<0>
0;103;(2,1);;<0>
0;104;(3,1);;<0>
0;105;(4,1);;<0>
0;106;(6,1);;<0>
0;107;(3,16);;<0>
0;108;(7,1);;<0>
0;109;(8,1);;<0>
0;110;(9,1);;<0>
0;111;(10,1);;<0>
0;112;(0,10);;<0>
0;113;(11,1);;<0>
0;114;(12,1);;<0>
0;115;(18,19);;<0>
0;116;(13,1);;<0>
0;117;(3,19);;<0>
0;118;(17,3);;<0>
0;119;(15,1);;<0>
0;120;(16,1);;<0>
0;121;(15,3);;<0>
0;122;(17,1);;<0>
0;123;(6,13);;<0>
0;124;(18,1);;<0>
0;125;(19,14);;<0>
0;126;(19,1);;<0>
0;127;(1,2);;<0>
0;128;(3,2);;<0>
0;129;(4,2);;<0>
0;130;(14,6);;<0>
0;131;(5,2);;<0>
0;132;(6,2);;<0>
0;133;(3,15);;<0>
0;134;(7,2);;<0>
0;135;(8,2);;<0>
0;136;(9,2);;<0>
0;137;(10,2);;<0>
0;138;(0,13);;<0>
0;139;(11,2);;<0>
0;140;(15,18);;<0>
0;141;(12,2);;<0>
0;142;(13,2);;<0>
0;143;(5,6);;<0>
0;144;(14,2);;<0>
0;145;(16,2);;<0>
0;146;(6,10);;<0>
0;147;(18,2);;<0>
0;148;(19,17);;<0>
0;149;(19,2);;<0>
0;150;(1,3);;<0>
0;151;(3,3);;<0>
0;152;(4,3);;<0>
0;153;(14,7);;<0>
0;154;(5,3);;<0>
0;155;(6,3);;<0>
0;156;(3,14);;<0>
0;157;(7,3);;<0>
0;158;(8,3);;<0>
0;159;(9,3);;<0>
0;160;(10,3);;<0>
0;161;(15,19);;<0>
0;162;(12,3);;<0>
0;163;(13,3);;<0>
0;164;(5,7);;<0>
0;165;(14,3);;<0>
0;166;(16,3);;<0>
0;167;(6,11);;<0>
0;168;(18,3);;<0>
0;169;(19,16);;<0>
0;170;(19,3);;<0>
0;171;(19,8);;<0>
0;172;(2,6);;<0>
0;173;(0,4);;<0>
0;174;(1,4);;<0>
0;175;(0,6);;<0>
0;176;(2,4);;<0>
0;177;(3,4);;<0>
0;178;(4,4);;<0>
0;179;(6,4);;<0>
0;180;(3,13);;<0>
0;181;(17,9);;<0>
0;182;(7,4);;<0>
0;183;(8,4);;<0>
0;184;(9,4);;<0>
0;185;(10,4);;<0>
0;186;(0,15);;<0>
0;187;(11,4);;<0>
0;188;(12,4);;<0>
0;189;(13,4);;<0>
0;190;(17,6);;<0>
0;191;(15,4);;<0>
0;192;(16,4);;<0>
0;193;(7,9);;<0>
0;194;(15,6);;<0>
0;195;(17,4);;<0>
0;196;(6,16);;<0>
0;197;(18,4);;<0>
0;198;(19,11);;<0>
0;199;(0,8);;<0>
0;200;(19,4);;<0>
0;201;(1,6);;<0>
0;202;(7,19);;<0>
0;203;(3,6);;<0>
0;204;(4,6);;<0>
0;205;(8,8);;<0>
0;206;(6,6);;<0>
0;207;(3,11);;<0>
0;208;(15,9);;<0>
0;209;(7,6);;<0>
0;210;(6,8);;<0>
0;211;(8,6);;<0>
0;212;(9,6);;<0>
0;213;(10,6);;<0>
0;214;(0,17);;<0>
0;215;(11,6);;<0>
0;216;(12,6);;<0>
0;217;(13,6);;<0>
0;218;(16,6);;<0>
0;219;(6,14);;<0>
0;220;(18,6);;<0>
0;221;(19,13);;<0>
0;222;(2,8);;<0>
0;223;(19,6);;<0>
0;224;(1,7);;<0>
0;225;(7,18);;<0>
0;226;(3,7);;<0>
0;227;(4,7);;<0>
0;228;(8,9);;<0>
0;229;(6,7);;<0>
0;230;(3,10);;<0>
0;231;(15,8);;<0>
0;232;(7,7);;<0>
0;233;(6,9);;<0>
0;234;(8,7);;<0>
0;235;(9,7);;<0>
0;236;(10,7);;<0>
0;237;(0,16);;<0>
0;238;(11,7);;<0>
0;239;(12,7);;<0>
0;240;(13,7);;<0>
0;241;(16,7);;<0>
0;242;(6,15);;<0>
0;243;(18,7);;<0>
0;244;(1,8);;<0>
0;245;(7,17);;<0>
0;246;(3,8);;<0>
0;247;(4,8);;<0>
0;248;(5,8);;<0>
0;249;(9,8);;<0>
0;250;(10,8);;<0>
0;251;(0,19);;<0>
0;252;(11,8);;<0>
0;253;(18,10);;<0>
0;254;(13,8);;<0>
0;255;(14,8);;<0>
0;256;(16,8);;<0>
0;257;(18,8);;<0>
0;258;(1,9);;<0>
0;259;(7,16);;<0>
0;260;(3,9);;<0>
0;261;(4,9);;<0>
0;262;(5,9);;<0>
0;263;(9,9);;<0>
0;264;(10,9);;<0>
0;265;(0,18);;<0>
0;266;(11,9);;<0>
0;267;(15,13);;<0>
0;268;(12,9);;<0>
0;269;(18,11);;<0>
0;270;(13,9);;<0>
0;271;(14,9);;<0>
0;272;(16,9);;<0>
0;273;(18,9);;<0>
0;274;(1,10);;<0>
0;275;(2,10);;<0>
0;276;(4,10);;<0>
0;277;(5,10);;<0>
0;278;(7,10);;<0>
0;279;(8,10);;<0>
0;280;(10,14);;<0>
0;281;(9,10);;<0>
0;282;(9,14);;<0>
0;283;(10,10);;<0>
0;284;(11,10);;<0>
0;285;(12,10);;<0>
0;286;(13,10);;<0>
0;287;(14,10);;<0>
0;288;(15,10);;<0>
0;289;(16,10);;<0>
0;290;(17,10);;<0>
0;291;(1,11);;<0>
0;292;(2,11);;<0>
0;293;(4,11);;<0>
0;294;(5,11);;<0>
0;295;(7,11);;<0>
0;296;(8,11);;<0>
0;297;(10,15);;<0>
0;298;(9,11);;<0>
0;299;(9,15);;<0>
0;300;(10,11);;<0>
0;301;(11,11);;<0>
0;302;(12,11);;<0>
0;303;(13,11);;<0>
0;304;(14,11);;<0>
0;305;(15,11);;<0>
0;306;(16,11);;<0>
0;307;(17,11);;<0>
0;308;(4,18);;<0>
0;309;(1,13);;<0>
0;310;(2,13);;<0>
0;311;(1,18);;<0>
0;312;(4,13);;<0>
0;313;(5,13);;<0>
0;314;(7,13);;<0>
0;315;(10,18);;<0>
0;316;(8,13);;<0>
0;317;(10,17);;<0>
0;318;(9,13);;<0>
0;319;(8,18);;<0>
0;320;(9,17);;<0>
0;321;(10,13);;<0>
0;322;(14,18);;<0>
0;323;(11,13);;<0>
0;324;(12,13);;<0>
0;325;(13,13);;<0>
0;326;(11,18);;<0>
0;327;(14,13);;<0>
0;328;(16,13);;<0>
0;329;(17,13);;<0>
0;330;(18,13);;<0>
0;331;(1,14);;<0>
0;332;(2,14);;<0>
0;333;(4,14);;<0>
0;334;(5,14);;<0>
0;335;(7,14);;<0>
0;336;(8,14);;<0>
0;337;(11,14);;<0>
0;338;(12,14);;<0>
0;339;(13,14);;<0>
0;340;(14,14);;<0>
0;341;(15,14);;<0>
0;342;(16,14);;<0>
0;343;(17,14);;<0>
0;344;(18,14);;<0>
0;345;(1,15);;<0>
0;346;(2,15);;<0>
0;347;(4,15);;<0>
0;348;(5,15);;<0>
0;349;(7,15);;<0>
0;350;(8,15);;<0>
0;351;(11,15);;<0>
0;352;(12,15);;<0>
0;353;(13,15);;<0>
0;354;(14,15);;<0>
0;355;(15,15);;<0>
0;356;(16,15);;<0>
0;357;(17,15);;<0>
0;358;(18,15);;<0>
0;359;(1,16);;<0>
0;360;(2,16);;<0>
0;361;(4,16);;<0>
0;362;(5,16);;<0>
0;363;(9,19);;<0>
0;364;(8,16);;<0>
0;365;(11,16);;<0>
0;366;(12,16);;<0>
0;367;(13,16);;<0>
0;368;(14,16);;<0>
0;369;(15,16);;<0>
0;370;(16,16);;<0>
0;371;(17,16);;<0>
0;372;(18,16);;<0>
0;373;(1,17);;<0>
0;374;(2,17);;<0>
0;375;(4,17);;<0>
0;376;(5,17);;<0>
0;377;(9,18);;<0>
0;378;(8,17);;<0>
0;379;(11,17);;<0>
0;380;(12,17);;<0>
0;381;(13,17);;<0>
0;382;(14,17);;<0>
0;383;(15,17);;<0>
0;384;(16,17);;<0>
0;385;(17,17);;<0>
0;386;(18,17);;<0>
0;387;(2,18);;<0>
0;388;(5,18);;<0>
0;389;(6,18);;<0>
0;390;(12,18);;<0>
0;391;(13,18);;<0>
0;392;(16,18);;<0>
0;393;(17,18);;<0>
0;394;(2,19);;<0>
0;395;(5,19);;<0>
0;396;(6,19);;<0>
0;397;(12,19);;<0>
0;398;(13,19);;<0>
0;399;(16,19);;<0>
0;400;(17,19);;<0>
0;1;(17,7);outputNeighborhood;<0>
0;1;(17,7);;<0>
0;2;(15,5);outputNeighborhood;<1>
0;2;(15,5);;<1>
0;3;(19,9);outputNeighborhood;<0>
0;3;(19,9);;<0>
0;4;(2,7);outputNeighborhood;<0>
0;4;(2,7);;<0>
0;5;(0,5);outputNeighborhood;<1>
0;5;(0,5);;<1>
0;6;(5,1);outputNeighborhood;<0>
0;6;(5,1);;<0>
0;7;(14,5);outputNeighborhood;<1>
0;7;(14,5);;<1>
0;8;(1,5);outputNeighborhood;<1>
0;8;(1,5);;<1>
0;9;(12,8);outputNeighborhood;<0>
0;9;(12,8);;<0>
0;10;(15,12);outputNeighborhood;<2>
0;10;(15,12);;<0>
0;11;(11,3);outputNeighborhood;<0>
0;11;(11,3);;<0>
0;12;(0,12);outputNeighborhood;<2>
0;12;(0,12);;<0>
0;13;(7,8);outputNeighborhood;<0>
0;13;(7,8);;<0>
0;14;(15,7);outputNeighborhood;<0>
0;14;(15,7);;<0>
0;15;(17,5);outputNeighborhood;<1>
0;15;(17,5);;<1>
0;16;(0,7);outputNeighborhood;<0>
0;16;(0,7);;<0>
0;17;(2,5);outputNeighborhood;<1>
0;17;(2,5);;<1>
0;18;(16,5);outputNeighborhood;<1>
0;18;(16,5);;<1>
0;19;(3,5);outputNeighborhood;<1>
0;19;(3,5);;<1>
0;20;(19,18);outputNeighborhood;<0>
0;20;(19,18);;<0>
0;21;(2,3);outputNeighborhood;<0>
0;21;(2,3);;<0>
0;22;(0,1);outputNeighborhood;<0>
0;22;(0,1);;<0>
0;23;(0,14);outputNeighborhood;<0>
0;23;(0,14);;<0>
0;24;(11,5);outputNeighborhood;<1>
0;24;(11,5);;<1>
0;25;(4,5);outputNeighborhood;<1>
0;25;(4,5);;<1>
0;26;(1,1);outputNeighborhood;<0>
0;26;(1,1);;<0>
0;27;(10,5);outputNeighborhood;<1>
0;27;(10,5);;<1>
0;28;(14,1);outputNeighborhood;<0>
0;28;(14,1);;<0>
0;29;(5,5);outputNeighborhood;<1>
0;29;(5,5);;<1>
0;30;(13,5);outputNeighborhood;<1>
0;30;(13,5);;<1>
0;31;(6,5);outputNeighborhood;<1>
0;31;(6,5);;<1>
0;32;(16,12);outputNeighborhood;<2>
0;32;(16,12);;<0>
0;33;(17,8);outputNeighborhood;<0>
0;33;(17,8);;<0>
0;34;(7,5);outputNeighborhood;<1>
0;34;(7,5);;<1>
0;35;(3,12);outputNeighborhood;<2>
0;35;(3,12);;<0>
0;36;(12,5);outputNeighborhood;<1>
0;36;(12,5);;<1>
0;37;(8,5);outputNeighborhood;<1>
0;37;(8,5);;<1>
0;38;(9,5);outputNeighborhood;<1>
0;38;(9,5);;<1>
0;39;(11,19);outputNeighborhood;<0>
0;39;(11,19);;<0>
0;40;(14,12);outputNeighborhood;<2>
0;40;(14,12);;<0>
0;41;(4,19);outputNeighborhood;<0>
0;41;(4,19);;<0>
0;42;(1,12);outputNeighborhood;<2>
0;42;(1,12);;<0>
0;43;(6,17);outputNeighborhood;<0>
0;43;(6,17);;<0>
0;44;(18,5);outputNeighborhood;<1>
0;44;(18,5);;<1>
0;45;(19,10);outputNeighborhood;<0>
0;45;(19,10);;<0>
0;46;(0,9);outputNeighborhood;<0>
0;46;(0,9);;<0>
0;47;(19,5);outputNeighborhood;<1>
0;47;(19,5);;<1>
0;48;(17,12);outputNeighborhood;<2>
0;48;(17,12);;<0>
0;49;(2,12);outputNeighborhood;<2>
0;49;(2,12);;<0>
0;50;(14,19);outputNeighborhood;<0>
0;50;(14,19);;<0>
0;51;(11,12);outputNeighborhood;<2>
0;51;(11,12);;<0>
0;52;(1,19);outputNeighborhood;<0>
0;52;(1,19);;<0>
0;53;(4,12);outputNeighborhood;<2>
0;53;(4,12);;<0>
0;54;(8,19);outputNeighborhood;<0>
0;54;(8,19);;<0>
0;55;(9,16);outputNeighborhood;<0>
0;55;(9,16);;<0>
0;56;(10,12);outputNeighborhood;<2>
0;56;(10,12);;<0>
0;57;(5,12);outputNeighborhood;<2>
0;57;(5,12);;<0>
0;58;(6,12);outputNeighborhood;<2>
0;58;(6,12);;<0>
0;59;(18,0);outputNeighborhood;<0>
0;59;(18,0);;<0>
0;60;(13,12);outputNeighborhood;<2>
0;60;(13,12);;<0>
0;61;(18,18);outputNeighborhood;<0>
0;61;(18,18);;<0>
0;62;(13,0);outputNeighborhood;<0>
0;62;(13,0);;<0>
0;63;(6,0);outputNeighborhood;<0>
0;63;(6,0);;<0>
0;64;(12,12);outputNeighborhood;<2>
0;64;(12,12);;<0>
0;65;(7,12);outputNeighborhood;<2>
0;65;(7,12);;<0>
0;66;(10,19);outputNeighborhood;<0>
0;66;(10,19);;<0>
0;67;(8,12);outputNeighborhood;<2>
0;67;(8,12);;<0>
0;68;(10,16);outputNeighborhood;<0>
0;68;(10,16);;<0>
0;69;(9,12);outputNeighborhood;<2>
0;69;(9,12);;<0>
0;70;(18,12);outputNeighborhood;<2>
0;70;(18,12);;<0>
0;71;(2,9);outputNeighborhood;<0>
0;71;(2,9);;<0>
0;72;(19,7);outputNeighborhood;<0>
0;72;(19,7);;<0>
0;73;(19,12);outputNeighborhood;<2>
0;73;(19,12);;<0>
0;74;(3,18);outputNeighborhood;<0>
0;74;(3,18);;<0>
0;75;(17,2);outputNeighborhood;<0>
0;75;(17,2);;<0>
0;76;(15,0);outputNeighborhood;<0>
0;76;(15,0);;<0>
0;77;(19,19);outputNeighborhood;<0>
0;77;(19,19);;<0>
0;78;(2,2);outputNeighborhood;<0>
0;78;(2,2);;<0>
0;79;(0,0);outputNeighborhood;<0>
0;79;(0,0);;<0>
0;80;(5,4);outputNeighborhood;<0>
0;80;(5,4);;<1>
0;81;(14,0);outputNeighborhood;<0>
0;81;(14,0);;<0>
0;82;(1,0);outputNeighborhood;<0>
0;82;(1,0);;<0>
0;83;(15,2);outputNeighborhood;<0>
0;83;(15,2);;<0>
0;84;(17,0);outputNeighborhood;<0>
0;84;(17,0);;<0>
0;85;(0,2);outputNeighborhood;<0>
0;85;(0,2);;<0>
0;86;(2,0);outputNeighborhood;<0>
0;86;(2,0);;<0>
0;87;(16,0);outputNeighborhood;<0>
0;87;(16,0);;<0>
0;88;(3,0);outputNeighborhood;<0>
0;88;(3,0);;<0>
0;89;(0,11);outputNeighborhood;<0>
0;89;(0,11);;<0>
0;90;(11,0);outputNeighborhood;<0>
0;90;(11,0);;<0>
0;91;(4,0);outputNeighborhood;<0>
0;91;(4,0);;<0>
0;92;(10,0);outputNeighborhood;<0>
0;92;(10,0);;<0>
0;93;(14,4);outputNeighborhood;<0>
0;93;(14,4);;<1>
0;94;(5,0);outputNeighborhood;<0>
0;94;(5,0);;<0>
0;95;(12,0);outputNeighborhood;<0>
0;95;(12,0);;<0>
0;96;(3,17);outputNeighborhood;<0>
0;96;(3,17);;<0>
0;97;(7,0);outputNeighborhood;<0>
0;97;(7,0);;<0>
0;98;(8,0);outputNeighborhood;<0>
0;98;(8,0);;<0>
0;99;(9,0);outputNeighborhood;<0>
0;99;(9,0);;<0>
0;100;(19,15);outputNeighborhood;<0>
0;100;(19,15);;<0>
0;101;(19,0);outputNeighborhood;<0>
0;101;(19,0);;<0>
0;102;(0,3);outputNeighborhood;<0>
0;102;(0,3);;<0>
0;103;(2,1);outputNeighborhood;<0>
0;103;(2,1);;<0>
0;104;(3,1);outputNeighborhood;<0>
0;104;(3,1);;<0>
0;105;(4,1);outputNeighborhood;<0>
0;105;(4,1);;<0>
0;106;(6,1);outputNeighborhood;<0>
0;106;(6,1);;<0>
0;107;(3,16);outputNeighborhood;<0>
0;107;(3,16);;<0>
0;108;(7,1);outputNeighborhood;<0>
0;108;(7,1);;<0>
0;109;(8,1);outputNeighborhood;<0>
0;109;(8,1);;<0>
0;110;(9,1);outputNeighborhood;<0>
0;110;(9,1);;<0>
0;111;(10,1);outputNeighborhood;<0>
0;111;(10,1);;<0>
0;112;(0,10);outputNeighborhood;<0>
0;112;(0,10);;<0>
0;113;(11,1);outputNeighborhood;<0>
0;113;(11,1);;<0>
0;114;(12,1);outputNeighborhood;<0>
0;114;(12,1);;<0>
0;115;(18,19);outputNeighborhood;<0>
0;115;(18,19);;<0>
0;116;(13,1);outputNeighborhood;<0>
0;116;(13,1);;<0>
0;117;(3,19);outputNeighborhood;<0>
0;117;(3,19);;<0>
0;118;(17,3);outputNeighborhood;<0>
0;118;(17,3);;<0>
0;119;(15,1);outputNeighborhood;<0>
0;119;(15,1);;<0>
0;120;(16,1);outputNeighborhood;<0>
0;120;(16,1);;<0>
0;121;(15,3);outputNeighborhood;<0>
0;121;(15,3);;<0>
0;122;(17,1);outputNeighborhood;<0>
0;122;(17,1);;<0>
0;123;(6,13);outputNeighborhood;<0>
0;123;(6,13);;<0>
0;124;(18,1);outputNeighborhood;<0>
0;124;(18,1);;<0>
0;125;(19,14);outputNeighborhood;<0>
0;125;(19,14);;<0>
0;126;(19,1);outputNeighborhood;<0>
0;126;(19,1);;<0>
0;127;(1,2);outputNeighborhood;<0>
0;127;(1,2);;<0>
0;128;(3,2);outputNeighborhood;<0>
0;128;(3,2);;<0>
0;129;(4,2);outputNeighborhood;<0>
0;129;(4,2);;<0>
0;130;(14,6);outputNeighborhood;<0>
0;130;(14,6);;<1>
0;131;(5,2);outputNeighborhood;<0>
0;131;(5,2);;<0>
0;132;(6,2);outputNeighborhood;<0>
0;132;(6,2);;<0>
0;133;(3,15);outputNeighborhood;<0>
0;133;(3,15);;<0>
0;134;(7,2);outputNeighborhood;<0>
0;134;(7,2);;<0>
0;135;(8,2);outputNeighborhood;<0>
0;135;(8,2);;<0>
0;136;(9,2);outputNeighborhood;<0>
0;136;(9,2);;<0>
0;137;(10,2);outputNeighborhood;<0>
0;137;(10,2);;<0>
0;138;(0,13);outputNeighborhood;<0>
0;138;(0,13);;<0>
0;139;(11,2);outputNeighborhood;<0>
0;139;(11,2);;<0>
0;140;(15,18);outputNeighborhood;<0>
0;140;(15,18);;<0>
0;141;(12,2);outputNeighborhood;<0>
0;141;(12,2);;<0>
0;142;(13,2);outputNeighborhood;<0>
0;142;(13,2);;<0>
0;143;(5,6);outputNeighborhood;<0>
0;143;(5,6);;<1>
0;144;(14,2);outputNeighborhood;<0>
0;144;(14,2);;<0>
0;145;(16,2);outputNeighborhood;<0>
0;145;(16,2);;<0>
0;146;(6,10);outputNeighborhood;<0>
0;146;(6,10);;<0>
0;147;(18,2);outputNeighborhood;<0>
0;147;(18,2);;<0>
0;148;(19,17);outputNeighborhood;<0>
0;148;(19,17);;<0>
0;149;(19,2);outputNeighborhood;<0>
0;149;(19,2);;<0>
0;150;(1,3);outputNeighborhood;<0>
0;150;(1,3);;<0>
0;151;(3,3);outputNeighborhood;<0>
0;151;(3,3);;<0>
0;152;(4,3);outputNeighborhood;<0>
0;152;(4,3);;<0>
0;153;(14,7);outputNeighborhood;<0>
0;153;(14,7);;<0>
0;154;(5,3);outputNeighborhood;<0>
0;154;(5,3);;<0>
0;155;(6,3);outputNeighborhood;<0>
0;155;(6,3);;<0>
0;156;(3,14);outputNeighborhood;<0>
0;156;(3,14);;<0>
0;157;(7,3);outputNeighborhood;<0>
0;157;(7,3);;<0>
0;158;(8,3);outputNeighborhood;<0>
0;158;(8,3);;<0>
0;159;(9,3);outputNeighborhood;<0>
0;159;(9,3);;<0>
0;160;(10,3);outputNeighborhood;<0>
0;160;(10,3);;<0>
0;161;(15,19);outputNeighborhood;<0>
0;161;(15,19);;<0>
0;162;(12,3);outputNeighborhood;<0>
0;162;(12,3);;<0>
0;163;(13,3);outputNeighborhood;<0>
0;163;(13,3);;<0>
0;164;(5,7);outputNeighborhood;<0>
0;164;(5,7);;<0>
0;165;(14,3);outputNeighborhood;<0>
0;165;(14,3);;<0>
0;166;(16,3);outputNeighborhood;<0>
0;166;(16,3);;<0>
0;167;(6,11);outputNeighborhood;<0>
0;167;(6,11);;<0>
0;168;(18,3);outputNeighborhood;<0>
0;168;(18,3);;<0>
0;169;(19,16);outputNeighborhood;<0>
0;169;(19,16);;<0>
0;170;(19,3);outputNeighborhood;<0>
0;170;(19,3);;<0>
0;171;(19,8);outputNeighborhood;<0>
0;171;(19,8);;<0>
0;172;(2,6);outputNeighborhood;<0>
0;172;(2,6);;<1>
0;173;(0,4);outputNeighborhood;<0>
0;173;(0,4);;<1>
0;174;(1,4);outputNeighborhood;<0>
0;174;(1,4);;<1>
0;175;(0,6);outputNeighborhood;<0>
0;175;(0,6);;<1>
0;176;(2,4);outputNeighborhood;<0>
0;176;(2,4);;<1>
0;177;(3,4);outputNeighborhood;<0>
0;177;(3,4);;<1>
0;178;(4,4);outputNeighborhood;<0>
0;178;(4,4);;<1>
0;179;(6,4);outputNeighborhood;<0>
0;179;(6,4);;<1>
0;180;(3,13);outputNeighborhood;<0>
0;180;(3,13);;<0>
0;181;(17,9);outputNeighborhood;<0>
0;181;(17,9);;<0>
0;182;(7,4);outputNeighborhood;<0>
0;182;(7,4);;<1>
0;183;(8,4);outputNeighborhood;<0>
0;183;(8,4);;<1>
0;184;(9,4);outputNeighborhood;<0>
0;184;(9,4);;<1>
0;185;(10,4);outputNeighborhood;<0>
0;185;(10,4);;<1>
0;186;(0,15);outputNeighborhood;<0>
0;186;(0,15);;<0>
0;187;(11,4);outputNeighborhood;<0>
0;187;(11,4);;<1>
0;188;(12,4);outputNeighborhood;<0>
0;188;(12,4);;<1>
0;189;(13,4);outputNeighborhood;<0>
0;189;(13,4);;<1>
0;190;(17,6);outputNeighborhood;<0>
0;190;(17,6);;<1>
0;191;(15,4);outputNeighborhood;<0>
0;191;(15,4);;<1>
0;192;(16,4);outputNeighborhood;<0>
0;192;(16,4);;<1>
0;193;(7,9);outputNeighborhood;<0>
0;193;(7,9);;<0>
0;194;(15,6);outputNeighborhood;<0>
0;194;(15,6);;<1>
0;195;(17,4);outputNeighborhood;<0>
0;195;(17,4);;<1>
0;196;(6,16);outputNeighborhood;<0>
0;196;(6,16);;<0>
0;197;(18,4);outputNeighborhood;<0>
0;197;(18,4);;<1>
0;198;(19,11);outputNeighborhood;<0>
0;198;(19,11);;<0>
0;199;(0,8);outputNeighborhood;<0>
0;199;(0,8);;<0>
0;200;(19,4);outputNeighborhood;<0>
0;200;(19,4);;<1>
0;201;(1,6);outputNeighborhood;<0>
0;201;(1,6);;<1>
0;202;(7,19);outputNeighborhood;<0>
0;202;(7,19);;<0>
0;203;(3,6);outputNeighborhood;<0>
0;203;(3,6);;<1>
0;204;(4,6);outputNeighborhood;<0>
0;204;(4,6);;<1>
0;205;(8,8);outputNeighborhood;<0>
0;205;(8,8);;<0>
0;206;(6,6);outputNeighborhood;<0>
0;206;(6,6);;<1>
0;207;(3,11);outputNeighborhood;<0>
0;207;(3,11);;<0>
0;208;(15,9);outputNeighborhood;<0>
0;208;(15,9);;<0>
0;209;(7,6);outputNeighborhood;<0>
0;209;(7,6);;<1>
0;210;(6,8);outputNeighborhood;<0>
0;210;(6,8);;<0>
0;211;(8,6);outputNeighborhood;<0>
0;211;(8,6);;<1>
0;212;(9,6);outputNeighborhood;<0>
0;212;(9,6);;<1>
0;213;(10,6);outputNeighborhood;<0>
0;213;(10,6);;<1>
0;214;(0,17);outputNeighborhood;<0>
0;214;(0,17);;<0>
0;215;(11,6);outputNeighborhood;<0>
0;215;(11,6);;<1>
0;216;(12,6);outputNeighborhood;<0>
0;216;(12,6);;<1>
0;217;(13,6);outputNeighborhood;<0>
0;217;(13,6);;<1>
0;218;(16,6);outputNeighborhood;<0>
0;218;(16,6);;<1>
0;219;(6,14);outputNeighborhood;<0>
0;219;(6,14);;<0>
0;220;(18,6);outputNeighborhood;<0>
0;220;(18,6);;<1>
0;221;(19,13);outputNeighborhood;<0>
0;221;(19,13);;<0>
0;222;(2,8);outputNeighborhood;<0>
0;222;(2,8);;<0>
0;223;(19,6);outputNeighborhood;<0>
0;223;(19,6);;<1>
0;224;(1,7);outputNeighborhood;<0>
0;224;(1,7);;<0>
0;225;(7,18);outputNeighborhood;<0>
0;225;(7,18);;<0>
0;226;(3,7);outputNeighborhood;<0>
0;226;(3,7);;<0>
0;227;(4,7);outputNeighborhood;<0>
0;227;(4,7);;<0>
0;228;(8,9);outputNeighborhood;<0>
0;228;(8,9);;<0>
0;229;(6,7);outputNeighborhood;<0>
0;229;(6,7);;<0>
0;230;(3,10);outputNeighborhood;<0>
0;230;(3,10);;<0>
0;231;(15,8);outputNeighborhood;<0>
0;231;(15,8);;<0>
0;232;(7,7);outputNeighborhood;<0>
0;232;(7,7);;<0>
0;233;(6,9);outputNeighborhood;<0>
0;233;(6,9);;<0>
0;234;(8,7);outputNeighborhood;<0>
0;234;(8,7);;<0>
0;235;(9,7);outputNeighborhood;<0>
0;235;(9,7);;<0>
0;236;(10,7);outputNeighborhood;<0>
0;236;(10,7);;<0>
0;237;(0,16);outputNeighborhood;<0>
0;237;(0,16);;<0>
0;238;(11,7);outputNeighborhood;<0>
0;238;(11,7);;<0>
0;239;(12,7);outputNeighborhood;<0>
0;239;(12,7);;<0>
0;240;(13,7);outputNeighborhood;<0>
0;240;(13,7);;<0>
0;241;(16,7);outputNeighborhood;<0>
0;241;(16,7);;<0>
0;242;(6,15);outputNeighborhood;<0>
0;242;(6,15);;<0>
0;243;(18,7);outputNeighborhood;<0>
0;243;(18,7);;<0>
0;244;(1,8);outputNeighborhood;<0>
0;244;(1,8);;<0>
0;245;(7,17);outputNeighborhood;<0>
0;245;(7,17);;<0>
0;246;(3,8);outputNeighborhood;<0>
0;246;(3,8);;<0>
0;247;(4,8);outputNeighborhood;<0>
0;247;(4,8);;<0>
0;248;(5,8);outputNeighborhood;<0>
0;248;(5,8);;<0>
0;249;(9,8);outputNeighborhood;<0>
0;249;(9,8);;<0>
0;250;(10,8);outputNeighborhood;<0>
0;250;(10,8);;<0>
0;251;(0,19);outputNeighborhood;<0>
0;251;(0,19);;<0>
0;252;(11,8);outputNeighborhood;<0>
0;252;(11,8);;<0>
0;253;(18,10);outputNeighborhood;<0>
0;253;(18,10);;<0>
0;254;(13,8);outputNeighborhood;<0>
0;254;(13,8);;<0>
0;255;(14,8);outputNeighborhood;<0>
0;255;(14,8);;<0>
0;256;(16,8);outputNeighborhood;<0>
0;256;(16,8);;<0>
0;257;(18,8);outputNeighborhood;<0>
0;257;(18,8);;<0>
0;258;(1,9);outputNeighborhood;<0>
0;258;(1,9);;<0>
0;259;(7,16);outputNeighborhood;<0>
0;259;(7,16);;<0>
0;260;(3,9);outputNeighborhood;<0>
0;260;(3,9);;<0>
0;261;(4,9);outputNeighborhood;<0>
0;261;(4,9);;<0>
0;262;(5,9);outputNeighborhood;<0>
0;262;(5,9);;<0>
0;263;(9,9);outputNeighborhood;<0>
0;263;(9,9);;<0>
0;264;(10,9);outputNeighborhood;<0>
0;264;(10,9);;<0>
0;265;(0,18);outputNeighborhood;<0>
0;265;(0,18);;<0>
0;266;(11,9);outputNeighborhood;<0>
0;266;(11,9);;<0>
0;267;(15,13);outputNeighborhood;<0>
0;267;(15,13);;<0>
0;268;(12,9);outputNeighborhood;<0>
0;268;(12,9);;<0>
0;269;(18,11);outputNeighborhood;<0>
0;269;(18,11);;<0>
0;270;(13,9);outputNeighborhood;<0>
0;270;(13,9);;<0>
0;271;(14,9);outputNeighborhood;<0>
0;271;(14,9);;<0>
0;272;(16,9);outputNeighborhood;<0>
0;272;(16,9);;<0>
0;273;(18,9);outputNeighborhood;<0>
0;273;(18,9);;<0>
0;274;(1,10);outputNeighborhood;<0>
0;274;(1,10);;<0>
0;275;(2,10);outputNeighborhood;<0>
0;275;(2,10);;<0>
0;276;(4,10);outputNeighborhood;<0>
0;276;(4,10);;<0>
0;277;(5,10);outputNeighborhood;<0>
0;277;(5,10);;<0>
0;278;(7,10);outputNeighborhood;<0>
0;278;(7,10);;<0>
0;279;(8,10);outputNeighborhood;<0>
0;279;(8,10);;<0>
0;280;(10,14);outputNeighborhood;<0>
0;280;(10,14);;<0>
0;281;(9,10);outputNeighborhood;<0>
0;281;(9,10);;<0>
0;282;(9,14);outputNeighborhood;<0>
0;282;(9,14);;<0>
0;283;(10,10);outputNeighborhood;<0>
0;283;(10,10);;<0>
0;284;(11,10);outputNeighborhood;<0>
0;284;(11,10);;<0>
0;285;(12,10);outputNeighborhood;<0>
0;285;(12,10);;<0>
0;286;(13,10);outputNeighborhood;<0>
0;286;(13,10);;<0>
0;287;(14,10);outputNeighborhood;<0>
0;287;(14,10);;<0>
0;288;(15,10);outputNeighborhood;<0>
0;288;(15,10);;<0>
0;289;(16,10);outputNeighborhood;<0>
0;289;(16,10);;<0>
0;290;(17,10);outputNeighborhood;<0>
0;290;(17,10);;<0>
0;291;(1,11);outputNeighborhood;<0>
0;291;(1,11);;<0>
0;292;(2,11);outputNeighborhood;<0>
0;292;(2,11);;<0>
0;293;(4,11);outputNeighborhood;<0>
0;293;(4,11);;<0>
0;294;(5,11);outputNeighborhood;<0>
0;294;(5,11);;<0>
0;295;(7,11);outputNeighborhood;<0>
0;295;(7,11);;<0>
0;296;(8,11);outputNeighborhood;<0>
0;296;(8,11);;<0>
0;297;(10,15);outputNeighborhood;<0>
0;297;(10,15);;<0>
0;298;(9,11);outputNeighborhood;<0>
0;298;(9,11);;<0>
0;299;(9,15);outputNeighborhood;<0>
0;299;(9,15);;<0>
0;300;(10,11);outputNeighborhood;<0>
0;300;(10,11);;<0>
0;301;(11,11);outputNeighborhood;<0>
0;301;(11,11);;<0>
0;302;(12,11);outputNeighborhood;<0>
0;302;(12,11);;<0>
0;303;(13,11);outputNeighborhood;<0>
0;303;(13,11);;<0>
0;304;(14,11);outputNeighborhood;<0>
0;304;(14,11);;<0>
0;305;(15,11);outputNeighborhood;<0>
0;305;(15,11);;<0>
0;306;(16,11);outputNeighborhood;<0>
0;306;(16,11);;<0>
0;307;(17,11);outputNeighborhood;<0>
0;307;(17,11);;<0>
0;308;(4,18);outputNeighborhood;<0>
0;308;(4,18);;<0>
0;309;(1,13);outputNeighborhood;<0>
0;309;(1,13);;<0>
0;310;(2,13);outputNeighborhood;<0>
0;310;(2,13);;<0>
0;311;(1,18);outputNeighborhood;<0>
0;311;(1,18);;<0>
0;312;(4,13);outputNeighborhood;<0>
0;312;(4,13);;<0>
0;313;(5,13);outputNeighborhood;<0>
0;313;(5,13);;<0>
0;314;(7,13);outputNeighborhood;<0>
0;314;(7,13);;<0>
0;315;(10,18);outputNeighborhood;<0>
0;315;(10,18);;<0>
0;316;(8,13);outputNeighborhood;<0>
0;316;(8,13);;<0>
0;317;(10,17);outputNeighborhood;<0>
0;317;(10,17);;<0>
0;318;(9,13);outputNeighborhood;<0>
0;318;(9,13);;<0>
0;319;(8,18);outputNeighborhood;<0>
0;319;(8,18);;<0>
0;320;(9,17);outputNeighborhood;<0>
0;320;(9,17);;<0>
0;321;(10,13);outputNeighborhood;<0>
0;321;(10,13);;<0>
0;322;(14,18);outputNeighborhood;<0>
0;322;(14,18);;<0>
0;323;(11,13);outputNeighborhood;<0>
0;323;(11,13);;<0>
0;324;(12,13);outputNeighborhood;<0>
0;324;(12,13);;<0>
0;325;(13,13);outputNeighborhood;<0>
0;325;(13,13);;<0>
0;326;(11,18);outputNeighborhood;<0>
0;326;(11,18);;<0>
0;327;(14,13);outputNeighborhood;<0>
0;327;(14,13);;<0>
0;328;(16,13);outputNeighborhood;<0>
0;328;(16,13);;<0>
0;329;(17,13);outputNeighborhood;<0>
0;329;(17,13);;<0>
0;330;(18,13);outputNeighborhood;<0>
0;330;(18,13);;<0>
0;331;(1,14);outputNeighborhood;<0>
0;331;(1,14);;<0>
0;332;(2,14);outputNeighborhood;<0>
0;332;(2,14);;<0>
0;333;(4,14);outputNeighborhood;<0>
0;333;(4,14);;<0>
0;334;(5,14);outputNeighborhood;<0>
0;334;(5,14);;<0>
0;335;(7,14);outputNeighborhood;<0>
0;335;(7,14);;<0>
0;336;(8,14);outputNeighborhood;<0>
0;336;(8,14);;<0>
0;337;(11,14);outputNeighborhood;<0>
0;337;(11,14);;<0>
0;338;(12,14);outputNeighborhood;<0>
0;338;(12,14);;<0>
0;339;(13,14);outputNeighborhood;<0>
0;339;(13,14);;<0>
0;340;(14,14);outputNeighborhood;<0>
0;340;(14,14);;<0>
0;341;(15,14);outputNeighborhood;<0>
0;341;(15,14);;<0>
0;342;(16,14);outputNeighborhood;<0>
0;342;(16,14);;<0>
0;343;(17,14);outputNeighborhood;<0>
0;343;(17,14);;<0>
0;344;(18,14);outputNeighborhood;<0>
0;344;(18,14);;<0>
0;345;(1,15);outputNeighborhood;<0>
0;345;(1,15);;<0>
0;346;(2,15);outputNeighborhood;<0>
0;346;(2,15);;<0>
0;347;(4,15);outputNeighborhood;<0>
0;347;(4,15);;<0>
0;348;(5,15);outputNeighborhood;<0>
0;348;(5,15);;<0>
0;349;(7,15);outputNeighborhood;<0>
0;349;(7,15);;<0>
0;350;(8,15);outputNeighborhood;<0>
0;350;(8,15);;<0>
0;351;(11,15);outputNeighborhood;<0>
0;351;(11,15);;<0>
0;352;(12,15);outputNeighborhood;<0>
0;352;(12,15);;<0>
0;353;(13,15);outputNeighborhood;<0>
0;353;(13,15);;<0>
0;354;(14,15);outputNeighborhood;<0>
0;354;(14,15);;<0>
0;355;(15,15);outputNeighborhood;<0>
0;355;(15,15);;<0>
0;356;(16,15);outputNeighborhood;<0>
0;356;(16,15);;<0>
0;357;(17,15);outputNeighborhood;<0>
0;357;(17,15);;<0>
0;358;(18,15);outputNeighborhood;<0>
0;358;(18,15);;<0>
0;359;(1,16);outputNeighborhood;<0>
0;359;(1,16);;<0>
0;360;(2,16);outputNeighborhood;<0>
0;360;(2,16);;<0>
0;361;(4,16);outputNeighborhood;<0>
0;361;(4,16);;<0>
0;362;(5,16);outputNeighborhood;<0>
0;362;(5,16);;<0>
0;363;(9,19);outputNeighborhood;<0>
0;363;(9,19);;<0>
0;364;(8,16);outputNeighborhood;<0>
0;364;(8,16);;<0>
0;365;(11,16);outputNeighborhood;<0>
0;365;(11,16);;<0>
0;366;(12,16);outputNeighborhood;<0>
0;366;(12,16);;<0>
0;367;(13,16);outputNeighborhood;<0>
0;367;(13,16);;<0>
0;368;(14,16);outputNeighborhood;<0>
0;368;(14,16);;<0>
0;369;(15,16);outputNeighborhood;<0>
0;369;(15,16);;<0>
0;370;(16,16);outputNeighborhood;<0>
0;370;(16,16);;<0>
0;371;(17,16);outputNeighborhood;<0>
0;371;(17,16);;<0>
0;372;(18,16);outputNeighborhood;<0>
0;372;(18,16);;<0>
0;373;(1,17);outputNeighborhood;<0>
0;373;(1,17);;<0>
0;374;(2,17);outputNeighborhood;<0>
0;374;(2,17);;<0>
0;375;(4,17);outputNeighborhood;<0>
0;375;(4,17);;<0>
0;376;(5,17);outputNeighborhood;<0>
0;376;(5,17);;<0>
0;377;(9,18);outputNeighborhood;<0>
0;377;(9,18);;<0>
0;378;(8,17);outputNeighborhood;<0>
0;378;(8,17);;<0>
0;379;(11,17);outputNeighborhood;<0>
0;379;(11,17);;<0>
0;380;(12,17);outputNeighborhood;<0>
0;380;(12,17);;<0>
0;381;(13,17);outputNeighborhood;<0>
0;381;(13,17);;<0>
0;382;(14,17);outputNeighborhood;<0>
0;382;(14,17);;<0>
0;383;(15,17);outputNeighborhood;<0>
0;383;(15,17);;<0>
0;384;(16,17);outputNeighborhood;<0>
0;384;(16,17);;<0>
0;385;(17,17);outputNeighborhood;<0>
0;385;(17,17);;<0>
0;386;(18,17);outputNeighborhood;<0>
0;386;(18,17);;<0>
0;387;(2,18);outputNeighborhood;<0>
0;387;(2,18);;<0>
0;388;(5,18);outputNeighborhood;<0>
0;388;(5,18);;<0>
0;389;(6,18);outputNeighborhood;<0>
0;389;(6,18);;<0>
0;390;(12,18);outputNeighborhood;<0>
0;390;(12,18);;<0>
0;391;(13,18);outputNeighborhood;<0>
0;391;(13,18);;<0>
0;392;(16,18);outputNeighborhood;<0>
0;392;(16,18);;<0>
0;393;(17,18);outputNeighborhood;<0>
0;393;(17,18);;<0>
0;394;(2,19);outputNeighborhood;<0>
0;394;(2,19);;<0>
0;395;(5,19);outputNeighborhood;<0>
0;395;(5,19);;<0>
0;396;(6,19);outputNeighborhood;<0>
0;396;(6,19);;<0>
0;397;(12,19);outputNeighborhood;<0>
0;397;(12,19);;<0>
0;398;(13,19);outputNeighborhood;<0>
0;398;(13,19);;<0>
0;399;(16,19);outputNeighborhood;<0>
0;399;(16,19);;<0>
0;400;(17,19);outputNeighborhood;<0>
0;400;(17,19);;<0>
1;1;(17,7);;<1>
1;2;(15,5);;<1>
1;4;(2,7);;<1>
1;5;(0,5);;<1>
1;7;(14,5);;<1>
1;8;(1,5);;<1>
1;10;(15,12);outputNeighborhood;<0>
1;10;(15,12);;<0>
1;11;(11,3);;<1>
1;12;(0,12);outputNeighborhood;<0>
1;12;(0,12);;<0>
1;14;(15,7);;<1>
1;15;(17,5);;<1>
1;16;(0,7);;<1>
1;17;(2,5);;<1>
1;18;(16,5);;<1>
1;19;(3,5);;<1>
1;21;(2,3);;<1>
1;24;(11,5);;<1>
1;25;(4,5);;<1>
1;27;(10,5);;<1>
1;29;(5,5);;<1>
1;30;(13,5);;<1>
1;31;(6,5);;<1>
1;32;(16,12);outputNeighborhood;<0>
1;32;(16,12);;<0>
1;34;(7,5);;<1>
1;35;(3,12);outputNeighborhood;<0>
1;35;(3,12);;<0>
1;36;(12,5);;<1>
1;37;(8,5);;<1>
1;38;(9,5);;<1>
1;40;(14,12);outputNeighborhood;<0>
1;40;(14,12);;<0>
1;42;(1,12);outputNeighborhood;<0>
1;42;(1,12);;<0>
1;44;(18,5);;<1>
1;47;(19,5);;<1>
1;48;(17,12);outputNeighborhood;<0>
1;48;(17,12);;<0>
1;49;(2,12);outputNeighborhood;<0>
1;49;(2,12);;<0>
1;51;(11,12);outputNeighborhood;<0>
1;51;(11,12);;<0>
1;53;(4,12);outputNeighborhood;<0>
1;53;(4,12);;<0>
1;56;(10,12);outputNeighborhood;<0>
1;56;(10,12);;<0>
1;57;(5,12);outputNeighborhood;<0>
1;57;(5,12);;<0>
1;58;(6,12);outputNeighborhood;<0>
1;58;(6,12);;<0>
1;60;(13,12);outputNeighborhood;<0>
1;60;(13,12);;<0>
1;64;(12,12);outputNeighborhood;<0>
1;64;(12,12);;<0>
1;65;(7,12);outputNeighborhood;<0>
1;65;(7,12);;<0>
1;67;(8,12);outputNeighborhood;<0>
1;67;(8,12);;<0>
1;69;(9,12);outputNeighborhood;<0>
1;69;(9,12);;<0>
1;70;(18,12);outputNeighborhood;<0>
1;70;(18,12);;<0>
1;72;(19,7);;<1>
1;73;(19,12);outputNeighborhood;<0>
1;73;(19,12);;<0>
1;80;(5,4);outputNeighborhood;<1>
1;80;(5,4);;<1>
1;89;(0,11);;<0>
1;93;(14,4);outputNeighborhood;<1>
1;93;(14,4);;<1>
1;102;(0,3);;<1>
1;118;(17,3);;<1>
1;121;(15,3);;<1>
1;123;(6,13);;<0>
1;130;(14,6);outputNeighborhood;<1>
1;130;(14,6);;<1>
1;138;(0,13);;<0>
1;143;(5,6);outputNeighborhood;<1>
1;143;(5,6);;<1>
1;150;(1,3);;<1>
1;151;(3,3);;<1>
1;152;(4,3);;<1>
1;153;(14,7);;<1>
1;154;(5,3);;<1>
1;155;(6,3);;<1>
1;157;(7,3);;<1>
1;158;(8,3);;<1>
1;159;(9,3);;<1>
1;160;(10,3);;<1>
1;162;(12,3);;<1>
1;163;(13,3);;<1>
1;164;(5,7);;<1>
1;165;(14,3);;<1>
1;166;(16,3);;<1>
1;167;(6,11);;<0>
1;168;(18,3);;<1>
1;170;(19,3);;<1>
1;172;(2,6);outputNeighborhood;<1>
1;172;(2,6);;<1>
1;173;(0,4);outputNeighborhood;<1>
1;173;(0,4);;<1>
1;174;(1,4);outputNeighborhood;<1>
1;174;(1,4);;<1>
1;175;(0,6);outputNeighborhood;<1>
1;175;(0,6);;<1>
1;176;(2,4);outputNeighborhood;<1>
1;176;(2,4);;<1>
1;177;(3,4);outputNeighborhood;<1>
1;177;(3,4);;<1>
1;178;(4,4);outputNeighborhood;<1>
1;178;(4,4);;<1>
1;179;(6,4);outputNeighborhood;<1>
1;179;(6,4);;<1>
1;180;(3,13);;<0>
1;182;(7,4);outputNeighborhood;<1>
1;182;(7,4);;<1>
1;183;(8,4);outputNeighborhood;<1>
1;183;(8,4);;<1>
1;184;(9,4);outputNeighborhood;<1>
1;184;(9,4);;<1>
1;185;(10,4);outputNeighborhood;<1>
1;185;(10,4);;<1>
1;187;(11,4);outputNeighborhood;<1>
1;187;(11,4);;<1>
1;188;(12,4);outputNeighborhood;<1>
1;188;(12,4);;<1>
1;189;(13,4);outputNeighborhood;<1>
1;189;(13,4);;<1>
1;190;(17,6);outputNeighborhood;<1>
1;190;(17,6);;<1>
1;191;(15,4);outputNeighborhood;<1>
1;191;(15,4);;<1>
1;192;(16,4);outputNeighborhood;<1>
1;192;(16,4);;<1>
1;194;(15,6);outputNeighborhood;<1>
1;194;(15,6);;<1>
1;195;(17,4);outputNeighborhood;<1>
1;195;(17,4);;<1>
1;197;(18,4);outputNeighborhood;<1>
1;197;(18,4);;<1>
1;198;(19,11);;<0>
1;200;(19,4);outputNeighborhood;<1>
1;200;(19,4);;<1>
1;201;(1,6);outputNeighborhood;<1>
1;201;(1,6);;<1>
1;203;(3,6);outputNeighborhood;<1>
1;203;(3,6);;<1>
1;204;(4,6);outputNeighborhood;<1>
1;204;(4,6);;<1>
1;206;(6,6);outputNeighborhood;<1>
1;206;(6,6);;<1>
1;207;(3,11);;<0>
1;209;(7,6);outputNeighborhood;<1>
1;209;(7,6);;<1>
1;211;(8,6);outputNeighborhood;<1>
1;211;(8,6);;<1>
1;212;(9,6);outputNeighborhood;<1>
1;212;(9,6);;<1>
1;213;(10,6);outputNeighborhood;<1>
1;213;(10,6);;<1>
1;215;(11,6);outputNeighborhood;<1>
1;215;(11,6);;<1>
1;216;(12,6);outputNeighborhood;<1>
1;216;(12,6);;<1>
1;217;(13,6);outputNeighborhood;<1>
1;217;(13,6);;<1>
1;218;(16,6);outputNeighborhood;<1>
1;218;(16,6);;<1>
1;220;(18,6);outputNeighborhood;<1>
1;220;(18,6);;<1>
1;221;(19,13);;<0>
1;223;(19,6);outputNeighborhood;<1>
1;223;(19,6);;<1>
1;224;(1,7);;<1>
1;226;(3,7);;<1>
1;227;(4,7);;<1>
1;229;(6,7);;<1>
1;232;(7,7);;<1>
1;234;(8,7);;<1>
1;235;(9,7);;<1>
1;236;(10,7);;<1>
1;238;(11,7);;<1>
1;239;(12,7);;<1>
1;240;(13,7);;<1>
1;241;(16,7);;<1>
1;243;(18,7);;<1>
1;267;(15,13);;<0>
1;269;(18,11);;<0>
1;291;(1,11);;<0>
1;292;(2,11);;<0>
1;293;(4,11);;<0>
1;294;(5,11);;<0>
1;295;(7,11);;<0>
1;296;(8,11);;<0>
1;298;(9,11);;<0>
1;300;(10,11);;<0>
1;301;(11,11);;<0>
1;302;(12,11);;<0>
1;303;(13,11);;<0>
1;304;(14,11);;<0>
1;305;(15,11);;<0>
1;306;(16,11);;<0>
1;307;(17,11);;<0>
1;309;(1,13);;<0>
1;310;(2,13);;<0>
1;312;(4,13);;<0>
1;313;(5,13);;<0>
1;314;(7,13);;<0>
1;316;(8,13);;<0>
1;318;(9,13);;<0>
1;321;(10,13);;<0>
1;323;(11,13);;<0>
1;324;(12,13);;<0>
1;325;(13,13);;<0>
1;327;(14,13);;<0>
1;328;(16,13);;<0>
1;329;(17,13);;<0>
1;330;(18,13);;<0>
2;1;(17,7);outputNeighborhood;<1>
2;1;(17,7);;<1>
2;4;(2,7);outputNeighborhood;<1>
2;4;(2,7);;<1>
2;9;(12,8);;<1>
2;11;(11,3);outputNeighborhood;<1>
2;11;(11,3);;<1>
2;13;(7,8);;<1>
2;14;(15,7);outputNeighborhood;<1>
2;14;(15,7);;<1>
2;16;(0,7);outputNeighborhood;<1>
2;16;(0,7);;<1>
2;21;(2,3);outputNeighborhood;<1>
2;21;(2,3);;<1>
2;33;(17,8);;<1>
2;72;(19,7);outputNeighborhood;<1>
2;72;(19,7);;<1>
2;75;(17,2);;<1>
2;78;(2,2);;<1>
2;80;(5,4);;<1>
2;83;(15,2);;<1>
2;85;(0,2);;<1>
2;93;(14,4);;<1>
2;102;(0,3);outputNeighborhood;<1>
2;102;(0,3);;<1>
2;118;(17,3);outputNeighborhood;<1>
2;118;(17,3);;<1>
2;121;(15,3);outputNeighborhood;<1>
2;121;(15,3);;<1>
2;127;(1,2);;<1>
2;128;(3,2);;<1>
2;129;(4,2);;<1>
2;130;(14,6);;<1>
2;131;(5,2);;<1>
2;132;(6,2);;<1>
2;134;(7,2);;<1>
2;135;(8,2);;<1>
2;136;(9,2);;<1>
2;137;(10,2);;<1>
2;139;(11,2);;<1>
2;141;(12,2);;<1>
2;142;(13,2);;<1>
2;143;(5,6);;<1>
2;144;(14,2);;<1>
2;145;(16,2);;<1>
2;147;(18,2);;<1>
2;149;(19,2);;<1>
2;150;(1,3);outputNeighborhood;<1>
2;150;(1,3);;<1>
2;151;(3,3);outputNeighborhood;<1>
2;151;(3,3);;<1>
2;152;(4,3);outputNeighborhood;<1>
2;152;(4,3);;<1>
2;153;(14,7);outputNeighborhood;<1>
2;153;(14,7);;<1>
2;154;(5,3);outputNeighborhood;<1>
2;154;(5,3);;<1>
2;155;(6,3);outputNeighborhood;<1>
2;155;(6,3);;<1>
2;157;(7,3);outputNeighborhood;<1>
2;157;(7,3);;<1>
2;158;(8,3);outputNeighborhood;<1>
2;158;(8,3);;<1>
2;159;(9,3);outputNeighborhood;<1>
2;159;(9,3);;<1>
2;160;(10,3);outputNeighborhood;<1>
2;160;(10,3);;<1>
2;162;(12,3);outputNeighborhood;<1>
2;162;(12,3);;<1>
2;163;(13,3);outputNeighborhood;<1>
2;163;(13,3);;<1>
2;164;(5,7);outputNeighborhood;<1>
2;164;(5,7);;<1>
2;165;(14,3);outputNeighborhood;<1>
2;165;(14,3);;<1>
2;166;(16,3);outputNeighborhood;<1>
2;166;(16,3);;<1>
2;168;(18,3);outputNeighborhood;<1>
2;168;(18,3);;<1>
2;170;(19,3);outputNeighborhood;<1>
2;170;(19,3);;<1>
2;171;(19,8);;<1>
2;172;(2,6);;<1>
2;173;(0,4);;<1>
2;174;(1,4);;<1>
2;175;(0,6);;<1>
2;176;(2,4);;<1>
2;177;(3,4);;<1>
2;178;(4,4);;<1>
2;179;(6,4);;<1>
2;182;(7,4);;<1>
2;183;(8,4);;<1>
2;184;(9,4);;<1>
2;185;(10,4);;<1>
2;187;(11,4);;<1>
2;188;(12,4);;<1>
2;189;(13,4);;<1>
2;190;(17,6);;<1>
2;191;(15,4);;<1>
2;192;(16,4);;<1>
2;194;(15,6);;<1>
2;195;(17,4);;<1>
2;197;(18,4);;<1>
2;199;(0,8);;<1>
2;200;(19,4);;<1>
2;201;(1,6);;<1>
2;203;(3,6);;<1>
2;204;(4,6);;<1>
2;205;(8,8);;<1>
2;206;(6,6);;<1>
2;209;(7,6);;<1>
2;210;(6,8);;<1>
2;211;(8,6);;<1>
2;212;(9,6);;<1>
2;213;(10,6);;<1>
2;215;(11,6);;<1>
2;216;(12,6);;<1>
2;217;(13,6);;<1>
2;218;(16,6);;<1>
2;220;(18,6);;<1>
2;222;(2,8);;<1>
2;223;(19,6);;<1>
2;224;(1,7);outputNeighborhood;<1>
2;224;(1,7);;<1>
2;226;(3,7);outputNeighborhood;<1>
2;226;(3,7);;<1>
2;227;(4,7);outputNeighborhood;<1>
2;227;(4,7);;<1>
2;229;(6,7);outputNeighborhood;<1>
2;229;(6,7);;<1>
2;231;(15,8);;<1>
2;232;(7,7);outputNeighborhood;<1>
2;232;(7,7);;<1>
2;234;(8,7);outputNeighborhood;<1>
2;234;(8,7);;<1>
2;235;(9,7);outputNeighborhood;<1>
2;235;(9,7);;<1>
2;236;(10,7);outputNeighborhood;<1>
2;236;(10,7);;<1>
2;238;(11,7);outputNeighborhood;<1>
2;238;(11,7);;<1>
2;239;(12,7);outputNeighborhood;<1>
2;239;(12,7);;<1>
2;240;(13,7);outputNeighborhood;<1>
2;240;(13,7);;<1>
2;241;(16,7);outputNeighborhood;<1>
2;241;(16,7);;<1>
2;243;(18,7);outputNeighborhood;<1>
2;243;(18,7);;<1>
2;244;(1,8);;<1>
2;246;(3,8);;<1>
2;247;(4,8);;<1>
2;248;(5,8);;<1>
2;249;(9,8);;<1>
2;250;(10,8);;<1>
2;252;(11,8);;<1>
2;254;(13,8);;<1>
2;255;(14,8);;<1>
2;256;(16,8);;<1>
2;257;(18,8);;<1>
3;1;(17,7);;<1>
3;3;(19,9);;<1>
3;4;(2,7);;<1>
3;6;(5,1);;<1>
3;9;(12,8);outputNeighborhood;<1>
3;9;(12,8);;<1>
3;11;(11,3);;<1>
3;13;(7,8);outputNeighborhood;<1>
3;13;(7,8);;<1>
3;14;(15,7);;<1>
3;16;(0,7);;<1>
3;21;(2,3);;<1>
3;22;(0,1);;<1>
3;26;(1,1);;<1>
3;28;(14,1);;<1>
3;33;(17,8);outputNeighborhood;<1>
3;33;(17,8);;<1>
3;46;(0,9);;<1>
3;71;(2,9);;<1>
3;72;(19,7);;<1>
3;75;(17,2);outputNeighborhood;<1>
3;75;(17,2);;<1>
3;78;(2,2);outputNeighborhood;<1>
3;78;(2,2);;<1>
3;83;(15,2);outputNeighborhood;<1>
3;83;(15,2);;<1>
3;85;(0,2);outputNeighborhood;<1>
3;85;(0,2);;<1>
3;102;(0,3);;<1>
3;103;(2,1);;<1>
3;104;(3,1);;<1>
3;105;(4,1);;<1>
3;106;(6,1);;<1>
3;108;(7,1);;<1>
3;109;(8,1);;<1>
3;110;(9,1);;<1>
3;111;(10,1);;<1>
3;113;(11,1);;<1>
3;114;(12,1);;<1>
3;116;(13,1);;<1>
3;118;(17,3);;<1>
3;119;(15,1);;<1>
3;120;(16,1);;<1>
3;121;(15,3);;<1>
3;122;(17,1);;<1>
3;124;(18,1);;<1>
3;126;(19,1);;<1>
3;127;(1,2);outputNeighborhood;<1>
3;127;(1,2);;<1>
3;128;(3,2);outputNeighborhood;<1>
3;128;(3,2);;<1>
3;129;(4,2);outputNeighborhood;<1>
3;129;(4,2);;<1>
3;131;(5,2);outputNeighborhood;<1>
3;131;(5,2);;<1>
3;132;(6,2);outputNeighborhood;<1>
3;132;(6,2);;<1>
3;134;(7,2);outputNeighborhood;<1>
3;134;(7,2);;<1>
3;135;(8,2);outputNeighborhood;<1>
3;135;(8,2);;<1>
3;136;(9,2);outputNeighborhood;<1>
3;136;(9,2);;<1>
3;137;(10,2);outputNeighborhood;<1>
3;137;(10,2);;<1>
3;139;(11,2);outputNeighborhood;<1>
3;139;(11,2);;<1>
3;141;(12,2);outputNeighborhood;<1>
3;141;(12,2);;<1>
3;142;(13,2);outputNeighborhood;<1>
3;142;(13,2);;<1>
3;144;(14,2);outputNeighborhood;<1>
3;144;(14,2);;<1>
3;145;(16,2);outputNeighborhood;<1>
3;145;(16,2);;<1>
3;147;(18,2);outputNeighborhood;<1>
3;147;(18,2);;<1>
3;149;(19,2);outputNeighborhood;<1>
3;149;(19,2);;<1>
3;150;(1,3);;<1>
3;151;(3,3);;<1>
3;152;(4,3);;<1>
3;153;(14,7);;<1>
3;154;(5,3);;<1>
3;155;(6,3);;<1>
3;157;(7,3);;<1>
3;158;(8,3);;<1>
3;159;(9,3);;<1>
3;160;(10,3);;<1>
3;162;(12,3);;<1>
3;163;(13,3);;<1>
3;164;(5,7);;<1>
3;165;(14,3);;<1>
3;166;(16,3);;<1>
3;168;(18,3);;<1>
3;170;(19,3);;<1>
3;171;(19,8);outputNeighborhood;<1>
3;171;(19,8);;<1>
3;181;(17,9);;<1>
3;193;(7,9);;<1>
3;199;(0,8);outputNeighborhood;<1>
3;199;(0,8);;<1>
3;205;(8,8);outputNeighborhood;<1>
3;205;(8,8);;<1>
3;208;(15,9);;<1>
3;210;(6,8);outputNeighborhood;<1>
3;210;(6,8);;<1>
3;222;(2,8);outputNeighborhood;<1>
3;222;(2,8);;<1>
3;224;(1,7);;<1>
3;226;(3,7);;<1>
3;227;(4,7);;<1>
3;228;(8,9);;<1>
3;229;(6,7);;<1>
3;231;(15,8);outputNeighborhood;<1>
3;231;(15,8);;<1>
3;232;(7,7);;<1>
3;233;(6,9);;<1>
3;234;(8,7);;<1>
3;235;(9,7);;<1>
3;236;(10,7);;<1>
3;238;(11,7);;<1>
3;239;(12,7);;<1>
3;240;(13,7);;<1>
3;241;(16,7);;<1>
3;243;(18,7);;<1>
3;244;(1,8);outputNeighborhood;<1>
3;244;(1,8);;<1>
3;246;(3,8);outputNeighborhood;<1>
3;246;(3,8);;<1>
3;247;(4,8);outputNeighborhood;<1>
3;247;(4,8);;<1>
3;248;(5,8);outputNeighborhood;<1>
3;248;(5,8);;<1>
3;249;(9,8);outputNeighborhood;<1>
3;249;(9,8);;<1>
3;250;(10,8);outputNeighborhood;<1>
3;250;(10,8);;<1>
3;252;(11,8);outputNeighborhood;<1>
3;252;(11,8);;<1>
3;254;(13,8);outputNeighborhood;<1>
3;254;(13,8);;<1>
3;255;(14,8);outputNeighborhood;<1>
3;255;(14,8);;<1>
3;256;(16,8);outputNeighborhood;<1>
3;256;(16,8);;<1>
3;257;(18,8);outputNeighborhood;<1>
3;257;(18,8);;<1>
3;258;(1,9);;<1>
3;260;(3,9);;<1>
3;261;(4,9);;<1>
3;262;(5,9);;<1>
3;263;(9,9);;<1>
3;264;(10,9);;<1>
3;266;(11,9);;<1>
3;268;(12,9);;<1>
3;270;(13,9);;<1>
3;271;(14,9);;<1>
3;272;(16,9);;<1>
3;273;(18,9);;<1>
4;3;(19,9);outputNeighborhood;<1>
4;3;(19,9);;<1>
4;6;(5,1);outputNeighborhood;<1>
4;6;(5,1);;<1>
4;9;(12,8);;<1>
4;13;(7,8);;<1>
4;22;(0,1);outputNeighborhood;<1>
4;22;(0,1);;<1>
4;26;(1,1);outputNeighborhood;<1>
4;26;(1,1);;<1>
4;28;(14,1);outputNeighborhood;<1>
4;28;(14,1);;<1>
4;33;(17,8);;<1>
4;45;(19,10);;<1>
4;46;(0,9);outputNeighborhood;<1>
4;46;(0,9);;<1>
4;59;(18,0);;<1>
4;62;(13,0);;<1>
4;63;(6,0);;<1>
4;71;(2,9);outputNeighborhood;<1>
4;71;(2,9);;<1>
4;75;(17,2);;<1>
4;76;(15,0);;<1>
4;78;(2,2);;<1>
4;79;(0,0);;<1>
4;81;(14,0);;<1>
4;82;(1,0);;<1>
4;83;(15,2);;<1>
4;84;(17,0);;<1>
4;85;(0,2);;<1>
4;86;(2,0);;<1>
4;87;(16,0);;<1>
4;88;(3,0);;<1>
4;90;(11,0);;<1>
4;91;(4,0);;<1>
4;92;(10,0);;<1>
4;94;(5,0);;<1>
4;95;(12,0);;<1>
4;97;(7,0);;<1>
4;98;(8,0);;<1>
4;99;(9,0);;<1>
4;101;(19,0);;<1>
4;103;(2,1);outputNeighborhood;<1>
4;103;(2,1);;<1>
4;104;(3,1);outputNeighborhood;<1>
4;104;(3,1);;<1>
4;105;(4,1);outputNeighborhood;<1>
4;105;(4,1);;<1>
4;106;(6,1);outputNeighborhood;<1>
4;106;(6,1);;<1>
4;108;(7,1);outputNeighborhood;<1>
4;108;(7,1);;<1>
4;109;(8,1);outputNeighborhood;<1>
4;109;(8,1);;<1>
4;110;(9,1);outputNeighborhood;<1>
4;110;(9,1);;<1>
4;111;(10,1);outputNeighborhood;<1>
4;111;(10,1);;<1>
4;112;(0,10);;<1>
4;113;(11,1);outputNeighborhood;<1>
4;113;(11,1);;<1>
4;114;(12,1);outputNeighborhood;<1>
4;114;(12,1);;<1>
4;116;(13,1);outputNeighborhood;<1>
4;116;(13,1);;<1>
4;119;(15,1);outputNeighborhood;<1>
4;119;(15,1);;<1>
4;120;(16,1);outputNeighborhood;<1>
4;120;(16,1);;<1>
4;122;(17,1);outputNeighborhood;<1>
4;122;(17,1);;<1>
4;124;(18,1);outputNeighborhood;<1>
4;124;(18,1);;<1>
4;126;(19,1);outputNeighborhood;<1>
4;126;(19,1);;<1>
4;127;(1,2);;<1>
4;128;(3,2);;<1>
4;129;(4,2);;<1>
4;131;(5,2);;<1>
4;132;(6,2);;<1>
4;134;(7,2);;<1>
4;135;(8,2);;<1>
4;136;(9,2);;<1>
4;137;(10,2);;<1>
4;139;(11,2);;<1>
4;141;(12,2);;<1>
4;142;(13,2);;<1>
4;144;(14,2);;<1>
4;145;(16,2);;<1>
4;146;(6,10);;<1>
4;147;(18,2);;<1>
4;149;(19,2);;<1>
4;171;(19,8);;<1>
4;181;(17,9);outputNeighborhood;<1>
4;181;(17,9);;<1>
4;193;(7,9);outputNeighborhood;<1>
4;193;(7,9);;<1>
4;199;(0,8);;<1>
4;205;(8,8);;<1>
4;208;(15,9);outputNeighborhood;<1>
4;208;(15,9);;<1>
4;210;(6,8);;<1>
4;222;(2,8);;<1>
4;228;(8,9);outputNeighborhood;<1>
4;228;(8,9);;<1>
4;230;(3,10);;<1>
4;231;(15,8);;<1>
4;233;(6,9);outputNeighborhood;<1>
4;233;(6,9);;<1>
4;244;(1,8);;<1>
4;246;(3,8);;<1>
4;247;(4,8);;<1>
4;248;(5,8);;<1>
4;249;(9,8);;<1>
4;250;(10,8);;<1>
4;252;(11,8);;<1>
4;253;(18,10);;<1>
4;254;(13,8);;<1>
4;255;(14,8);;<1>
4;256;(16,8);;<1>
4;257;(18,8);;<1>
4;258;(1,9);outputNeighborhood;<1>
4;258;(1,9);;<1>
4;260;(3,9);outputNeighborhood;<1>
4;260;(3,9);;<1>
4;261;(4,9);outputNeighborhood;<1>
4;261;(4,9);;<1>
4;262;(5,9);outputNeighborhood;<1>
4;262;(5,9);;<1>
4;263;(9,9);outputNeighborhood;<1>
4;263;(9,9);;<1>
4;264;(10,9);outputNeighborhood;<1>
4;264;(10,9);;<1>
4;266;(11,9);outputNeighborhood;<1>
4;266;(11,9);;<1>
4;268;(12,9);outputNeighborhood;<1>
4;268;(12,9);;<1>
4;270;(13,9);outputNeighborhood;<1>
4;270;(13,9);;<1>
4;271;(14,9);outputNeighborhood;<1>
4;271;(14,9);;<1>
4;272;(16,9);outputNeighborhood;<1>
4;272;(16,9);;<1>
4;273;(18,9);outputNeighborhood;<1>
4;273;(18,9);;<1>
4;274;(1,10);;<1>
4;275;(2,10);;<1>
4;276;(4,10);;<1>
4;277;(5,10);;<1>
4;278;(7,10);;<1>
4;279;(8,10);;<1>
4;281;(9,10);;<1>
4;283;(10,10);;<1>
4;284;(11,10);;<1>
4;285;(12,10);;<1>
4;286;(13,10);;<1>
4;287;(14,10);;<1>
4;288;(15,10);;<1>
4;289;(16,10);;<1>
4;290;(17,10);;<1>
5;3;(19,9);;<1>
5;6;(5,1);;<1>
5;22;(0,1);;<1>
5;26;(1,1);;<1>
5;28;(14,1);;<1>
5;45;(19,10);outputNeighborhood;<1>
5;45;(19,10);;<1>
5;46;(0,9);;<1>
5;59;(18,0);outputNeighborhood;<1>
5;59;(18,0);;<1>
5;62;(13,0);outputNeighborhood;<1>
5;62;(13,0);;<1>
5;63;(6,0);outputNeighborhood;<1>
5;63;(6,0);;<1>
5;71;(2,9);;<1>
5;76;(15,0);outputNeighborhood;<1>
5;76;(15,0);;<1>
5;79;(0,0);outputNeighborhood;<1>
5;79;(0,0);;<1>
5;81;(14,0);outputNeighborhood;<1>
5;81;(14,0);;<1>
5;82;(1,0);outputNeighborhood;<1>
5;82;(1,0);;<1>
5;84;(17,0);outputNeighborhood;<1>
5;84;(17,0);;<1>
5;86;(2,0);outputNeighborhood;<1>
5;86;(2,0);;<1>
5;87;(16,0);outputNeighborhood;<1>
5;87;(16,0);;<1>
5;88;(3,0);outputNeighborhood;<1>
5;88;(3,0);;<1>
5;89;(0,11);;<1>
5;90;(11,0);outputNeighborhood;<1>
5;90;(11,0);;<1>
5;91;(4,0);outputNeighborhood;<1>
5;91;(4,0);;<1>
5;92;(10,0);outputNeighborhood;<1>
5;92;(10,0);;<1>
5;94;(5,0);outputNeighborhood;<1>
5;94;(5,0);;<1>
5;95;(12,0);outputNeighborhood;<1>
5;95;(12,0);;<1>
5;97;(7,0);outputNeighborhood;<1>
5;97;(7,0);;<1>
5;98;(8,0);outputNeighborhood;<1>
5;98;(8,0);;<1>
5;99;(9,0);outputNeighborhood;<1>
5;99;(9,0);;<1>
5;101;(19,0);outputNeighborhood;<1>
5;101;(19,0);;<1>
5;103;(2,1);;<1>
5;104;(3,1);;<1>
5;105;(4,1);;<1>
5;106;(6,1);;<1>
5;108;(7,1);;<1>
5;109;(8,1);;<1>
5;110;(9,1);;<1>
5;111;(10,1);;<1>
5;112;(0,10);outputNeighborhood;<1>
5;112;(0,10);;<1>
5;113;(11,1);;<1>
5;114;(12,1);;<1>
5;116;(13,1);;<1>
5;119;(15,1);;<1>
5;120;(16,1);;<1>
5;122;(17,1);;<1>
5;124;(18,1);;<1>
5;126;(19,1);;<1>
5;146;(6,10);outputNeighborhood;<1>
5;146;(6,10);;<1>
5;167;(6,11);;<1>
5;181;(17,9);;<1>
5;193;(7,9);;<1>
5;198;(19,11);;<1>
5;207;(3,11);;<1>
5;208;(15,9);;<1>
5;228;(8,9);;<1>
5;230;(3,10);outputNeighborhood;<1>
5;230;(3,10);;<1>
5;233;(6,9);;<1>
5;253;(18,10);outputNeighborhood;<1>
5;253;(18,10);;<1>
5;258;(1,9);;<1>
5;260;(3,9);;<1>
5;261;(4,9);;<1>
5;262;(5,9);;<1>
5;263;(9,9);;<1>
5;264;(10,9);;<1>
5;266;(11,9);;<1>
5;268;(12,9);;<1>
5;269;(18,11);;<1>
5;270;(13,9);;<1>
5;271;(14,9);;<1>
5;272;(16,9);;<1>
5;273;(18,9);;<1>
5;274;(1,10);outputNeighborhood;<1>
5;274;(1,10);;<1>
5;275;(2,10);outputNeighborhood;<1>
5;275;(2,10);;<1>
5;276;(4,10);outputNeighborhood;<1>
5;276;(4,10);;<1>
5;277;(5,10);outputNeighborhood;<1>
5;277;(5,10);;<1>
5;278;(7,10);outputNeighborhood;<1>
5;278;(7,10);;<1>
5;279;(8,10);outputNeighborhood;<1>
5;279;(8,10);;<1>
5;281;(9,10);outputNeighborhood;<1>
5;281;(9,10);;<1>
5;283;(10,10);outputNeighborhood;<1>
5;283;(10,10);;<1>
5;284;(11,10);outputNeighborhood;<1>
5;284;(11,10);;<1>
5;285;(12,10);outputNeighborhood;<1>
5;285;(12,10);;<1>
5;286;(13,10);outputNeighborhood;<1>
5;286;(13,10);;<1>
5;287;(14,10);outputNeighborhood;<1>
5;287;(14,10);;<1>
5;288;(15,10);outputNeighborhood;<1>
5;288;(15,10);;<1>
5;289;(16,10);outputNeighborhood;<1>
5;289;(16,10);;<1>
5;290;(17,10);outputNeighborhood;<1>
5;290;(17,10);;<1>
5;291;(1,11);;<1>
5;292;(2,11);;<1>
5;293;(4,11);;<1>
5;294;(5,11);;<1>
5;295;(7,11);;<1>
5;296;(8,11);;<1>
5;298;(9,11);;<1>
5;300;(10,11);;<1>
5;301;(11,11);;<1>
5;302;(12,11);;<1>
5;303;(13,11);;<1>
5;304;(14,11);;<1>
5;305;(15,11);;<1>
5;306;(16,11);;<1>
5;307;(17,11);;<1>
6;10;(15,12);;<1>
6;12;(0,12);;<1>
6;32;(16,12);;<1>
6;35;(3,12);;<1>
6;40;(14,12);;<1>
6;42;(1,12);;<1>
6;45;(19,10);;<1>
6;48;(17,12);;<1>
6;49;(2,12);;<1>
6;51;(11,12);;<1>
6;53;(4,12);;<1>
6;56;(10,12);;<1>
6;57;(5,12);;<1>
6;58;(6,12);;<1>
6;60;(13,12);;<1>
6;64;(12,12);;<1>
6;65;(7,12);;<1>
6;67;(8,12);;<1>
6;69;(9,12);;<1>
6;70;(18,12);;<1>
6;73;(19,12);;<1>
6;89;(0,11);outputNeighborhood;<1>
6;89;(0,11);;<1>
6;112;(0,10);;<1>
6;146;(6,10);;<1>
6;167;(6,11);outputNeighborhood;<1>
6;167;(6,11);;<1>
6;198;(19,11);outputNeighborhood;<1>
6;198;(19,11);;<1>
6;207;(3,11);outputNeighborhood;<1>
6;207;(3,11);;<1>
6;230;(3,10);;<1>
6;253;(18,10);;<1>
6;269;(18,11);outputNeighborhood;<1>
6;269;(18,11);;<1>
6;274;(1,10);;<1>
6;275;(2,10);;<1>
6;276;(4,10);;<1>
6;277;(5,10);;<1>
6;278;(7,10);;<1>
6;279;(8,10);;<1>
6;281;(9,10);;<1>
6;283;(10,10);;<1>
6;284;(11,10);;<1>
6;285;(12,10);;<1>
6;286;(13,10);;<1>
6;287;(14,10);;<1>
6;288;(15,10);;<1>
6;289;(16,10);;<1>
6;290;(17,10);;<1>
6;291;(1,11);outputNeighborhood;<1>
6;291;(1,11);;<1>
6;292;(2,11);outputNeighborhood;<1>
6;292;(2,11);;<1>
6;293;(4,11);outputNeighborhood;<1>
6;293;(4,11);;<1>
6;294;(5,11);outputNeighborhood;<1>
6;294;(5,11);;<1>
6;295;(7,11);outputNeighborhood;<1>
6;295;(7,11);;<1>
6;296;(8,11);outputNeighborhood;<1>
6;296;(8,11);;<1>
6;298;(9,11);outputNeighborhood;<1>
6;298;(9,11);;<1>
6;300;(10,11);outputNeighborhood;<1>
6;300;(10,11);;<1>
6;301;(11,11);outputNeighborhood;<1>
6;301;(11,11);;<1>
6;302;(12,11);outputNeighborhood;<1>
6;302;(12,11);;<1>
6;303;(13,11);outputNeighborhood;<1>
6;303;(13,11);;<1>
6;304;(14,11);outputNeighborhood;<1>
6;304;(14,11);;<1>
6;305;(15,11);outputNeighborhood;<1>
6;305;(15,11);;<1>
6;306;(16,11);outputNeighborhood;<1>
6;306;(16,11);;<1>
6;307;(17,11);outputNeighborhood;<1>
6;307;(17,11);;<1>
7;10;(15,12);outputNeighborhood;<1>
7;10;(15,12);;<1>
7;12;(0,12);outputNeighborhood;<1>
7;12;(0,12);;<1>
7;32;(16,12);outputNeighborhood;<1>
7;32;(16,12);;<1>
7;35;(3,12);outputNeighborhood;<1>
7;35;(3,12);;<1>
7;40;(14,12);outputNeighborhood;<1>
7;40;(14,12);;<1>
7;42;(1,12);outputNeighborhood;<1>
7;42;(1,12);;<1>
7;48;(17,12);outputNeighborhood;<1>
7;48;(17,12);;<1>
7;49;(2,12);outputNeighborhood;<1>
7;49;(2,12);;<1>
7;51;(11,12);outputNeighborhood;<1>
7;51;(11,12);;<1>
7;53;(4,12);outputNeighborhood;<1>
7;53;(4,12);;<1>
7;56;(10,12);outputNeighborhood;<1>
7;56;(10,12);;<1>
7;57;(5,12);outputNeighborhood;<1>
7;57;(5,12);;<1>
7;58;(6,12);outputNeighborhood;<1>
7;58;(6,12);;<1>
7;60;(13,12);outputNeighborhood;<1>
7;60;(13,12);;<1>
7;64;(12,12);outputNeighborhood;<1>
7;64;(12,12);;<1>
7;65;(7,12);outputNeighborhood;<1>
7;65;(7,12);;<1>
7;67;(8,12);outputNeighborhood;<1>
7;67;(8,12);;<1>
7;69;(9,12);outputNeighborhood;<1>
7;69;(9,12);;<1>
7;70;(18,12);outputNeighborhood;<1>
7;70;(18,12);;<1>
7;73;(19,12);outputNeighborhood;<1>
7;73;(19,12);;<1>
7;89;(0,11);;<1>
7;123;(6,13);;<1>
7;138;(0,13);;<1>
7;167;(6,11);;<1>
7;180;(3,13);;<1>
7;198;(19,11);;<1>
7;207;(3,11);;<1>
7;221;(19,13);;<1>
7;267;(15,13);;<1>
7;269;(18,11);;<1>
7;291;(1,11);;<1>
7;292;(2,11);;<1>
7;293;(4,11);;<1>
7;294;(5,11);;<1>
7;295;(7,11);;<1>
7;296;(8,11);;<1>
7;298;(9,11);;<1>
7;300;(10,11);;<1>
7;301;(11,11);;<1>
7;302;(12,11);;<1>
7;303;(13,11);;<1>
7;304;(14,11);;<1>
7;305;(15,11);;<1>
7;306;(16,11);;<1>
7;307;(17,11);;<1>
7;309;(1,13);;<1>
7;310;(2,13);;<1>
7;312;(4,13);;<1>
7;313;(5,13);;<1>
7;314;(7,13);;<1>
7;316;(8,13);;<1>
7;318;(9,13);;<1>
7;321;(10,13);;<1>
7;323;(11,13);;<1>
7;324;(12,13);;<1>
7;325;(13,13);;<1>
7;327;(14,13);;<1>
7;328;(16,13);;<1>
7;329;(17,13);;<1>
7;330;(18,13);;<1>
8;10;(15,12);;<1>
8;12;(0,12);;<1>
8;23;(0,14);;<1>
8;32;(16,12);;<1>
8;35;(3,12);;<1>
8;40;(14,12);;<1>
8;42;(1,12);;<1>
8;48;(17,12);;<1>
8;49;(2,12);;<1>
8;51;(11,12);;<1>
8;53;(4,12);;<1>
8;56;(10,12);;<1>
8;57;(5,12);;<1>
8;58;(6,12);;<1>
8;60;(13,12);;<1>
8;64;(12,12);;<1>
8;65;(7,12);;<1>
8;67;(8,12);;<1>
8;69;(9,12);;<1>
8;70;(18,12);;<1>
8;73;(19,12);;<1>
8;123;(6,13);outputNeighborhood;<1>
8;123;(6,13);;<1>
8;125;(19,14);;<1>
8;138;(0,13);outputNeighborhood;<1>
8;138;(0,13);;<1>
8;156;(3,14);;<1>
8;180;(3,13);outputNeighborhood;<1>
8;180;(3,13);;<1>
8;219;(6,14);;<1>
8;221;(19,13);outputNeighborhood;<1>
8;221;(19,13);;<1>
8;267;(15,13);outputNeighborhood;<1>
8;267;(15,13);;<1>
8;280;(10,14);;<1>
8;282;(9,14);;<1>
8;309;(1,13);outputNeighborhood;<1>
8;309;(1,13);;<1>
8;310;(2,13);outputNeighborhood;<1>
8;310;(2,13);;<1>
8;312;(4,13);outputNeighborhood;<1>
8;312;(4,13);;<1>
8;313;(5,13);outputNeighborhood;<1>
8;313;(5,13);;<1>
8;314;(7,13);outputNeighborhood;<1>
8;314;(7,13);;<1>
8;316;(8,13);outputNeighborhood;<1>
8;316;(8,13);;<1>
8;318;(9,13);outputNeighborhood;<1>
8;318;(9,13);;<1>
8;321;(10,13);outputNeighborhood;<1>
8;321;(10,13);;<1>
8;323;(11,13);outputNeighborhood;<1>
8;323;(11,13);;<1>
8;324;(12,13);outputNeighborhood;<1>
8;324;(12,13);;<1>
8;325;(13,13);outputNeighborhood;<1>
8;325;(13,13);;<1>
8;327;(14,13);outputNeighborhood;<1>
8;327;(14,13);;<1>
8;328;(16,13);outputNeighborhood;<1>
8;328;(16,13);;<1>
8;329;(17,13);outputNeighborhood;<1>
8;329;(17,13);;<1>
8;330;(18,13);outputNeighborhood;<1>
8;330;(18,13);;<1>
8;331;(1,14);;<1>
8;332;(2,14);;<1>
8;333;(4,14);;<1>
8;334;(5,14);;<1>
8;335;(7,14);;<1>
8;336;(8,14);;<1>
8;337;(11,14);;<1>
8;338;(12,14);;<1>
8;339;(13,14);;<1>
8;340;(14,14);;<1>
8;341;(15,14);;<1>
8;342;(16,14);;<1>
8;343;(17,14);;<1>
8;344;(18,14);;<1>
9;23;(0,14);outputNeighborhood;<1>
9;23;(0,14);;<1>
9;100;(19,15);;<1>
9;123;(6,13);;<1>
9;125;(19,14);outputNeighborhood;<1>
9;125;(19,14);;<1>
9;133;(3,15);;<1>
9;138;(0,13);;<1>
9;156;(3,14);outputNeighborhood;<1>
9;156;(3,14);;<1>
9;180;(3,13);;<1>
9;186;(0,15);;<1>
9;219;(6,14);outputNeighborhood;<1>
9;219;(6,14);;<1>
9;221;(19,13);;<1>
9;242;(6,15);;<1>
9;267;(15,13);;<1>
9;280;(10,14);outputNeighborhood;<1>
9;280;(10,14);;<1>
9;282;(9,14);outputNeighborhood;<1>
9;282;(9,14);;<1>
9;297;(10,15);;<1>
9;299;(9,15);;<1>
9;309;(1,13);;<1>
9;310;(2,13);;<1>
9;312;(4,13);;<1>
9;313;(5,13);;<1>
9;314;(7,13);;<1>
9;316;(8,13);;<1>
9;318;(9,13);;<1>
9;321;(10,13);;<1>
9;323;(11,13);;<1>
9;324;(12,13);;<1>
9;325;(13,13);;<1>
9;327;(14,13);;<1>
9;328;(16,13);;<1>
9;329;(17,13);;<1>
9;330;(18,13);;<1>
9;331;(1,14);outputNeighborhood;<1>
9;331;(1,14);;<1>
9;332;(2,14);outputNeighborhood;<1>
9;332;(2,14);;<1>
9;333;(4,14);outputNeighborhood;<1>
9;333;(4,14);;<1>
9;334;(5,14);outputNeighborhood;<1>
9;334;(5,14);;<1>
9;335;(7,14);outputNeighborhood;<1>
9;335;(7,14);;<1>
9;336;(8,14);outputNeighborhood;<1>
9;336;(8,14);;<1>
9;337;(11,14);outputNeighborhood;<1>
9;337;(11,14);;<1>
9;338;(12,14);outputNeighborhood;<1>
9;338;(12,14);;<1>
9;339;(13,14);outputNeighborhood;<1>
9;339;(13,14);;<1>
9;340;(14,14);outputNeighborhood;<1>
9;340;(14,14);;<1>
9;341;(15,14);outputNeighborhood;<1>
9;341;(15,14);;<1>
9;342;(16,14);outputNeighborhood;<1>
9;342;(16,14);;<1>
9;343;(17,14);outputNeighborhood;<1>
9;343;(17,14);;<1>
9;344;(18,14);outputNeighborhood;<1>
9;344;(18,14);;<1>
9;345;(1,15);;<1>
9;346;(2,15);;<1>
9;347;(4,15);;<1>
9;348;(5,15);;<1>
9;349;(7,15);;<1>
9;350;(8,15);;<1>
9;351;(11,15);;<1>
9;352;(12,15);;<1>
9;353;(13,15);;<1>
9;354;(14,15);;<1>
9;355;(15,15);;<1>
9;356;(16,15);;<1>
9;357;(17,15);;<1>
9;358;(18,15);;<1>
10;23;(0,14);;<1>
10;55;(9,16);;<1>
10;68;(10,16);;<1>
10;100;(19,15);outputNeighborhood;<1>
10;100;(19,15);;<1>
10;107;(3,16);;<1>
10;125;(19,14);;<1>
10;133;(3,15);outputNeighborhood;<1>
10;133;(3,15);;<1>
10;156;(3,14);;<1>
10;169;(19,16);;<1>
10;186;(0,15);outputNeighborhood;<1>
10;186;(0,15);;<1>
10;196;(6,16);;<1>
10;219;(6,14);;<1>
10;237;(0,16);;<1>
10;242;(6,15);outputNeighborhood;<1>
10;242;(6,15);;<1>
10;259;(7,16);;<1>
10;280;(10,14);;<1>
10;282;(9,14);;<1>
10;297;(10,15);outputNeighborhood;<1>
10;297;(10,15);;<1>
10;299;(9,15);outputNeighborhood;<1>
10;299;(9,15);;<1>
10;331;(1,14);;<1>
10;332;(2,14);;<1>
10;333;(4,14);;<1>
10;334;(5,14);;<1>
10;335;(7,14);;<1>
10;336;(8,14);;<1>
10;337;(11,14);;<1>
10;338;(12,14);;<1>
10;339;(13,14);;<1>
10;340;(14,14);;<1>
10;341;(15,14);;<1>
10;342;(16,14);;<1>
10;343;(17,14);;<1>
10;344;(18,14);;<1>
10;345;(1,15);outputNeighborhood;<1>
10;345;(1,15);;<1>
10;346;(2,15);outputNeighborhood;<1>
10;346;(2,15);;<1>
10;347;(4,15);outputNeighborhood;<1>
10;347;(4,15);;<1>
10;348;(5,15);outputNeighborhood;<1>
10;348;(5,15);;<1>
10;349;(7,15);outputNeighborhood;<1>
10;349;(7,15);;<1>
10;350;(8,15);outputNeighborhood;<1>
10;350;(8,15);;<1>
10;351;(11,15);outputNeighborhood;<1>
10;351;(11,15);;<1>
10;352;(12,15);outputNeighborhood;<1>
10;352;(12,15);;<1>
10;353;(13,15);outputNeighborhood;<1>
10;353;(13,15);;<1>
10;354;(14,15);outputNeighborhood;<1>
10;354;(14,15);;<1>
10;355;(15,15);outputNeighborhood;<1>
10;355;(15,15);;<1>
10;356;(16,15);outputNeighborhood;<1>
10;356;(16,15);;<1>
10;357;(17,15);outputNeighborhood;<1>
10;357;(17,15);;<1>
10;358;(18,15);outputNeighborhood;<1>
10;358;(18,15);;<1>
10;359;(1,16);;<1>
10;360;(2,16);;<1>
10;361;(4,16);;<1>
10;362;(5,16);;<1>
10;364;(8,16);;<1>
10;365;(11,16);;<1>
10;366;(12,16);;<1>
10;367;(13,16);;<1>
10;368;(14,16);;<1>
10;369;(15,16);;<1>
10;370;(16,16);;<1>
10;371;(17,16);;<1>
10;372;(18,16);;<1>
11;43;(6,17);;<1>
11;55;(9,16);outputNeighborhood;<1>
11;55;(9,16);;<1>
11;68;(10,16);outputNeighborhood;<1>
11;68;(10,16);;<1>
11;96;(3,17);;<1>
11;100;(19,15);;<1>
11;107;(3,16);outputNeighborhood;<1>
11;107;(3,16);;<1>
11;133;(3,15);;<1>
11;148;(19,17);;<1>
11;169;(19,16);outputNeighborhood;<1>
11;169;(19,16);;<1>
11;186;(0,15);;<1>
11;196;(6,16);outputNeighborhood;<1>
11;196;(6,16);;<1>
11;214;(0,17);;<1>
11;237;(0,16);outputNeighborhood;<1>
11;237;(0,16);;<1>
11;242;(6,15);;<1>
11;245;(7,17);;<1>
11;259;(7,16);outputNeighborhood;<1>
11;259;(7,16);;<1>
11;297;(10,15);;<1>
11;299;(9,15);;<1>
11;317;(10,17);;<1>
11;320;(9,17);;<1>
11;345;(1,15);;<1>
11;346;(2,15);;<1>
11;347;(4,15);;<1>
11;348;(5,15);;<1>
11;349;(7,15);;<1>
11;350;(8,15);;<1>
11;351;(11,15);;<1>
11;352;(12,15);;<1>
11;353;(13,15);;<1>
11;354;(14,15);;<1>
11;355;(15,15);;<1>
11;356;(16,15);;<1>
11;357;(17,15);;<1>
11;358;(18,15);;<1>
11;359;(1,16);outputNeighborhood;<1>
11;359;(1,16);;<1>
11;360;(2,16);outputNeighborhood;<1>
11;360;(2,16);;<1>
11;361;(4,16);outputNeighborhood;<1>
11;361;(4,16);;<1>
11;362;(5,16);outputNeighborhood;<1>
11;362;(5,16);;<1>
11;364;(8,16);outputNeighborhood;<1>
11;364;(8,16);;<1>
11;365;(11,16);outputNeighborhood;<1>
11;365;(11,16);;<1>
11;366;(12,16);outputNeighborhood;<1>
11;366;(12,16);;<1>
11;367;(13,16);outputNeighborhood;<1>
11;367;(13,16);;<1>
11;368;(14,16);outputNeighborhood;<1>
11;368;(14,16);;<1>
11;369;(15,16);outputNeighborhood;<1>
11;369;(15,16);;<1>
11;370;(16,16);outputNeighborhood;<1>
11;370;(16,16);;<1>
11;371;(17,16);outputNeighborhood;<1>
11;371;(17,16);;<1>
11;372;(18,16);outputNeighborhood;<1>
11;372;(18,16);;<1>
11;373;(1,17);;<1>
11;374;(2,17);;<1>
11;375;(4,17);;<1>
11;376;(5,17);;<1>
11;378;(8,17);;<1>
11;379;(11,17);;<1>
11;380;(12,17);;<1>
11;381;(13,17);;<1>
11;382;(14,17);;<1>
11;383;(15,17);;<1>
11;384;(16,17);;<1>
11;385;(17,17);;<1>
11;386;(18,17);;<1>
12;20;(19,18);;<1>
12;43;(6,17);outputNeighborhood;<1>
12;43;(6,17);;<1>
12;55;(9,16);;<1>
12;61;(18,18);;<1>
12;68;(10,16);;<1>
12;74;(3,18);;<1>
12;96;(3,17);outputNeighborhood;<1>
12;96;(3,17);;<1>
12;107;(3,16);;<1>
12;140;(15,18);;<1>
12;148;(19,17);outputNeighborhood;<1>
12;148;(19,17);;<1>
12;169;(19,16);;<1>
12;196;(6,16);;<1>
12;214;(0,17);outputNeighborhood;<1>
12;214;(0,17);;<1>
12;225;(7,18);;<1>
12;237;(0,16);;<1>
12;245;(7,17);outputNeighborhood;<1>
12;245;(7,17);;<1>
12;259;(7,16);;<1>
12;265;(0,18);;<1>
12;308;(4,18);;<1>
12;311;(1,18);;<1>
12;315;(10,18);;<1>
12;317;(10,17);outputNeighborhood;<1>
12;317;(10,17);;<1>
12;319;(8,18);;<1>
12;320;(9,17);outputNeighborhood;<1>
12;320;(9,17);;<1>
12;322;(14,18);;<1>
12;326;(11,18);;<1>
12;359;(1,16);;<1>
12;360;(2,16);;<1>
12;361;(4,16);;<1>
12;362;(5,16);;<1>
12;364;(8,16);;<1>
12;365;(11,16);;<1>
12;366;(12,16);;<1>
12;367;(13,16);;<1>
12;368;(14,16);;<1>
12;369;(15,16);;<1>
12;370;(16,16);;<1>
12;371;(17,16);;<1>
12;372;(18,16);;<1>
12;373;(1,17);outputNeighborhood;<1>
12;373;(1,17);;<1>
12;374;(2,17);outputNeighborhood;<1>
12;374;(2,17);;<1>
12;375;(4,17);outputNeighborhood;<1>
12;375;(4,17);;<1>
12;376;(5,17);outputNeighborhood;<1>
12;376;(5,17);;<1>
12;377;(9,18);;<1>
12;378;(8,17);outputNeighborhood;<1>
12;378;(8,17);;<1>
12;379;(11,17);outputNeighborhood;<1>
12;379;(11,17);;<1>
12;380;(12,17);outputNeighborhood;<1>
12;380;(12,17);;<1>
12;381;(13,17);outputNeighborhood;<1>
12;381;(13,17);;<1>
12;382;(14,17);outputNeighborhood;<1>
12;382;(14,17);;<1>
12;383;(15,17);outputNeighborhood;<1>
12;383;(15,17);;<1>
12;384;(16,17);outputNeighborhood;<1>
12;384;(16,17);;<1>
12;385;(17,17);outputNeighborhood;<1>
12;385;(17,17);;<1>
12;386;(18,17);outputNeighborhood;<1>
12;386;(18,17);;<1>
12;387;(2,18);;<1>
12;388;(5,18);;<1>
12;389;(6,18);;<1>
12;390;(12,18);;<1>
12;391;(13,18);;<1>
12;392;(16,18);;<1>
12;393;(17,18);;<1>
13;20;(19,18);outputNeighborhood;<1>
13;20;(19,18);;<1>
13;39;(11,19);;<1>
13;41;(4,19);;<1>
13;43;(6,17);;<1>
13;50;(14,19);;<1>
13;52;(1,19);;<1>
13;54;(8,19);;<1>
13;61;(18,18);outputNeighborhood;<1>
13;61;(18,18);;<1>
13;66;(10,19);;<1>
13;74;(3,18);outputNeighborhood;<1>
13;74;(3,18);;<1>
13;77;(19,19);;<1>
13;96;(3,17);;<1>
13;115;(18,19);;<1>
13;117;(3,19);;<1>
13;140;(15,18);outputNeighborhood;<1>
13;140;(15,18);;<1>
13;148;(19,17);;<1>
13;161;(15,19);;<1>
13;202;(7,19);;<1>
13;214;(0,17);;<1>
13;225;(7,18);outputNeighborhood;<1>
13;225;(7,18);;<1>
13;245;(7,17);;<1>
13;251;(0,19);;<1>
13;265;(0,18);outputNeighborhood;<1>
13;265;(0,18);;<1>
13;308;(4,18);outputNeighborhood;<1>
13;308;(4,18);;<1>
13;311;(1,18);outputNeighborhood;<1>
13;311;(1,18);;<1>
13;315;(10,18);outputNeighborhood;<1>
13;315;(10,18);;<1>
13;317;(10,17);;<1>
13;319;(8,18);outputNeighborhood;<1>
13;319;(8,18);;<1>
13;320;(9,17);;<1>
13;322;(14,18);outputNeighborhood;<1>
13;322;(14,18);;<1>
13;326;(11,18);outputNeighborhood;<1>
13;326;(11,18);;<1>
13;363;(9,19);;<1>
13;373;(1,17);;<1>
13;374;(2,17);;<1>
13;375;(4,17);;<1>
13;376;(5,17);;<1>
13;377;(9,18);outputNeighborhood;<1>
13;377;(9,18);;<1>
13;378;(8,17);;<1>
13;379;(11,17);;<1>
13;380;(12,17);;<1>
13;381;(13,17);;<1>
13;382;(14,17);;<1>
13;383;(15,17);;<1>
13;384;(16,17);;<1>
13;385;(17,17);;<1>
13;386;(18,17);;<1>
13;387;(2,18);outputNeighborhood;<1>
13;387;(2,18);;<1>
13;388;(5,18);outputNeighborhood;<1>
13;388;(5,18);;<1>
13;389;(6,18);outputNeighborhood;<1>
13;389;(6,18);;<1>
13;390;(12,18);outputNeighborhood;<1>
13;390;(12,18);;<1>
13;391;(13,18);outputNeighborhood;<1>
13;391;(13,18);;<1>
13;392;(16,18);outputNeighborhood;<1>
13;392;(16,18);;<1>
13;393;(17,18);outputNeighborhood;<1>
13;393;(17,18);;<1>
13;394;(2,19);;<1>
13;395;(5,19);;<1>
13;396;(6,19);;<1>
13;397;(12,19);;<1>
13;398;(13,19);;<1>
13;399;(16,19);;<1>
13;400;(17,19);;<1>
14;20;(19,18);;<1>
14;39;(11,19);outputNeighborhood;<1>
14;39;(11,19);;<1>
14;41;(4,19);outputNeighborhood;<1>
14;41;(4,19);;<1>
14;50;(14,19);outputNeighborhood;<1>
14;50;(14,19);;<1>
14;52;(1,19);outputNeighborhood;<1>
14;52;(1,19);;<1>
14;54;(8,19);outputNeighborhood;<1>
14;54;(8,19);;<1>
14;61;(18,18);;<1>
14;66;(10,19);outputNeighborhood;<1>
14;66;(10,19);;<1>
14;74;(3,18);;<1>
14;77;(19,19);outputNeighborhood;<1>
14;77;(19,19);;<1>
14;115;(18,19);outputNeighborhood;<1>
14;115;(18,19);;<1>
14;117;(3,19);outputNeighborhood;<1>
14;117;(3,19);;<1>
14;140;(15,18);;<1>
14;161;(15,19);outputNeighborhood;<1>
14;161;(15,19);;<1>
14;202;(7,19);outputNeighborhood;<1>
14;202;(7,19);;<1>
14;225;(7,18);;<1>
14;251;(0,19);outputNeighborhood;<1>
14;251;(0,19);;<1>
14;265;(0,18);;<1>
14;308;(4,18);;<1>
14;311;(1,18);;<1>
14;315;(10,18);;<1>
14;319;(8,18);;<1>
14;322;(14,18);;<1>
14;326;(11,18);;<1>
14;363;(9,19);outputNeighborhood;<1>
14;363;(9,19);;<1>
14;377;(9,18);;<1>
14;387;(2,18);;<1>
14;388;(5,18);;<1>
14;389;(6,18);;<1>
14;390;(12,18);;<1>
14;391;(13,18);;<1>
14;392;(16,18);;<1>
14;393;(17,18);;<1>
14;394;(2,19);outputNeighborhood;<1>
14;394;(2,19);;<1>
14;395;(5,19);outputNeighborhood;<1>
14;395;(5,19);;<1>
14;396;(6,19);outputNeighborhood;<1>
14;396;(6,19);;<1>
14;397;(12,19);outputNeighborhood;<1>
14;397;(12,19);;<1>
14;398;(13,19);outputNeighborhood;<1>
14;398;(13,19);;<1>
14;399;(16,19);outputNeighborhood;<1>
14;399;(16,19);;<1>
14;400;(17,19);outputNeighborhood;<1>
14;400;(17,19);;<1>
14;1;(17,7);;<1>
14;2;(15,5);;<1>
14;3;(19,9);;<1>
14;4;(2,7);;<1>
14;5;(0,5);;<1>
14;6;(5,1);;<1>
14;7;(14,5);;<1>
14;8;(1,5);;<1>
14;9;(12,8);;<1>
14;10;(15,12);;<1>
14;11;(11,3);;<1>
14;12;(0,12);;<1>
14;13;(7,8);;<1>
14;14;(15,7);;<1>
14;15;(17,5);;<1>
14;16;(0,7);;<1>
14;17;(2,5);;<1>
14;18;(16,5);;<1>
14;19;(3,5);;<1>
14;20;(19,18);;<1>
14;21;(2,3);;<1>
14;22;(0,1);;<1>
14;23;(0,14);;<1>
14;24;(11,5);;<1>
14;25;(4,5);;<1>
14;26;(1,1);;<1>
14;27;(10,5);;<1>
14;28;(14,1);;<1>
14;29;(5,5);;<1>
14;30;(13,5);;<1>
14;31;(6,5);;<1>
14;32;(16,12);;<1>
14;33;(17,8);;<1>
14;34;(7,5);;<1>
14;35;(3,12);;<1>
14;36;(12,5);;<1>
14;37;(8,5);;<1>
14;38;(9,5);;<1>
14;39;(11,19);;<1>
14;40;(14,12);;<1>
14;41;(4,19);;<1>
14;42;(1,12);;<1>
14;43;(6,17);;<1>
14;44;(18,5);;<1>
14;45;(19,10);;<1>
14;46;(0,9);;<1>
14;47;(19,5);;<1>
14;48;(17,12);;<1>
14;49;(2,12);;<1>
14;50;(14,19);;<1>
14;51;(11,12);;<1>
14;52;(1,19);;<1>
14;53;(4,12);;<1>
14;54;(8,19);;<1>
14;55;(9,16);;<1>
14;56;(10,12);;<1>
14;57;(5,12);;<1>
14;58;(6,12);;<1>
14;59;(18,0);;<1>
14;60;(13,12);;<1>
14;61;(18,18);;<1>
14;62;(13,0);;<1>
14;63;(6,0);;<1>
14;64;(12,12);;<1>
14;65;(7,12);;<1>
14;66;(10,19);;<1>
14;67;(8,12);;<1>
14;68;(10,16);;<1>
14;69;(9,12);;<1>
14;70;(18,12);;<1>
14;71;(2,9);;<1>
14;72;(19,7);;<1>
14;73;(19,12);;<1>
14;74;(3,18);;<1>
14;75;(17,2);;<1>
14;76;(15,0);;<1>
14;77;(19,19);;<1>
14;78;(2,2);;<1>
14;79;(0,0);;<1>
14;80;(5,4);;<1>
14;81;(14,0);;<1>
14;82;(1,0);;<1>
14;83;(15,2);;<1>
14;84;(17,0);;<1>
14;85;(0,2);;<1>
14;86;(2,0);;<1>
14;87;(16,0);;<1>
14;88;(3,0);;<1>
14;89;(0,11);;<1>
14;90;(11,0);;<1>
14;91;(4,0);;<1>
14;92;(10,0);;<1>
14;93;(14,4);;<1>
14;94;(5,0);;<1>
14;95;(12,0);;<1>
14;96;(3,17);;<1>
14;97;(7,0);;<1>
14;98;(8,0);;<1>
14;99;(9,0);;<1>
14;100;(19,15);;<1>
14;101;(19,0);;<1>
14;102;(0,3);;<1>
14;103;(2,1);;<1>
14;104;(3,1);;<1>
14;105;(4,1);;<1>
14;106;(6,1);;<1>
14;107;(3,16);;<1>
14;108;(7,1);;<1>
14;109;(8,1);;<1>
14;110;(9,1);;<1>
14;111;(10,1);;<1>
14;112;(0,10);;<1>
14;113;(11,1);;<1>
14;114;(12,1);;<1>
14;115;(18,19);;<1>
14;116;(13,1);;<1>
14;117;(3,19);;<1>
14;118;(17,3);;<1>
14;119;(15,1);;<1>
14;120;(16,1);;<1>
14;121;(15,3);;<1>
14;122;(17,1);;<1>
14;123;(6,13);;<1>
14;124;(18,1);;<1>
14;125;(19,14);;<1>
14;126;(19,1);;<1>
14;127;(1,2);;<1>
14;128;(3,2);;<1>
14;129;(4,2);;<1>
14;130;(14,6);;<1>
14;131;(5,2);;<1>
14;132;(6,2);;<1>
14;133;(3,15);;<1>
14;134;(7,2);;<1>
14;135;(8,2);;<1>
14;136;(9,2);;<1>
14;137;(10,2);;<1>
14;138;(0,13);;<1>
14;139;(11,2);;<1>
14;140;(15,18);;<1>
14;141;(12,2);;<1>
14;142;(13,2);;<1>
14;143;(5,6);;<1>
14;144;(14,2);;<1>
14;145;(16,2);;<1>
14;146;(6,10);;<1>
14;147;(18,2);;<1>
14;148;(19,17);;<1>
14;149;(19,2);;<1>
14;150;(1,3);;<1>
14;151;(3,3);;<1>
14;152;(4,3);;<1>
14;153;(14,7);;<1>
14;154;(5,3);;<1>
14;155;(6,3);;<1>
14;156;(3,14);;<1>
14;157;(7,3);;<1>
14;158;(8,3);;<1>
14;159;(9,3);;<1>
14;160;(10,3);;<1>
14;161;(15,19);;<1>
14;162;(12,3);;<1>
14;163;(13,3);;<1>
14;164;(5,7);;<1>
14;165;(14,3);;<1>
14;166;(16,3);;<1>
14;167;(6,11);;<1>
14;168;(18,3);;<1>
14;169;(19,16);;<1>
14;170;(19,3);;<1>
14;171;(19,8);;<1>
14;172;(2,6);;<1>
14;173;(0,4);;<1>
14;174;(1,4);;<1>
14;175;(0,6);;<1>
14;176;(2,4);;<1>
14;177;(3,4);;<1>
14;178;(4,4);;<1>
14;179;(6,4);;<1>
14;180;(3,13);;<1>
14;181;(17,9);;<1>
14;182;(7,4);;<1>
14;183;(8,4);;<1>
14;184;(9,4);;<1>
14;185;(10,4);;<1>
14;186;(0,15);;<1>
14;187;(11,4);;<1>
14;188;(12,4);;<1>
14;189;(13,4);;<1>
14;190;(17,6);;<1>
14;191;(15,4);;<1>
14;192;(16,4);;<1>
14;193;(7,9);;<1>
14;194;(15,6);;<1>
14;195;(17,4);;<1>
14;196;(6,16);;<1>
14;197;(18,4);;<1>
14;198;(19,11);;<1>
14;199;(0,8);;<1>
14;200;(19,4);;<1>
14;201;(1,6);;<1>
14;202;(7,19);;<1>
14;203;(3,6);;<1>
14;204;(4,6);;<1>
14;205;(8,8);;<1>
14;206;(6,6);;<1>
14;207;(3,11);;<1>
14;208;(15,9);;<1>
14;209;(7,6);;<1>
14;210;(6,8);;<1>
14;211;(8,6);;<1>
14;212;(9,6);;<1>
14;213;(10,6);;<1>
14;214;(0,17);;<1>
14;215;(11,6);;<1>
14;216;(12,6);;<1>
14;217;(13,6);;<1>
14;218;(16,6);;<1>
14;219;(6,14);;<1>
14;220;(18,6);;<1>
14;221;(19,13);;<1>
14;222;(2,8);;<1>
14;223;(19,6);;<1>
14;224;(1,7);;<1>
14;225;(7,18);;<1>
14;226;(3,7);;<1>
14;227;(4,7);;<1>
14;228;(8,9);;<1>
14;229;(6,7);;<1>
14;230;(3,10);;<1>
14;231;(15,8);;<1>
14;232;(7,7);;<1>
14;233;(6,9);;<1>
14;234;(8,7);;<1>
14;235;(9,7);;<1>
14;236;(10,7);;<1>
14;237;(0,16);;<1>
14;238;(11,7);;<1>
14;239;(12,7);;<1>
14;240;(13,7);;<1>
14;241;(16,7);;<1>
14;242;(6,15);;<1>
14;243;(18,7);;<1>
14;244;(1,8);;<1>
14;245;(7,17);;<1>
14;246;(3,8);;<1>
14;247;(4,8);;<1>
14;248;(5,8);;<1>
14;249;(9,8);;<1>
14;250;(10,8);;<1>
14;251;(0,19);;<1>
14;252;(11,8);;<1>
14;253;(18,10);;<1>
14;254;(13,8);;<1>
14;255;(14,8);;<1>
14;256;(16,8);;<1>
14;257;(18,8);;<1>
14;258;(1,9);;<1>
14;259;(7,16);;<1>
14;260;(3,9);;<1>
14;261;(4,9);;<1>
14;262;(5,9);;<1>
14;263;(9,9);;<1>
14;264;(10,9);;<1>
14;265;(0,18);;<1>
14;266;(11,9);;<1>
14;267;(15,13);;<1>
14;268;(12,9);;<1>
14;269;(18,11);;<1>
14;270;(13,9);;<1>
14;271;(14,9);;<1>
14;272;(16,9);;<1>
14;273;(18,9);;<1>
14;274;(1,10);;<1>
14;275;(2,10);;<1>
14;276;(4,10);;<1>
14;277;(5,10);;<1>
14;278;(7,10);;<1>
14;279;(8,10);;<1>
14;280;(10,14);;<1>
14;281;(9,10);;<1>
14;282;(9,14);;<1>
14;283;(10,10);;<1>
14;284;(11,10);;<1>
14;285;(12,10);;<1>
14;286;(13,10);;<1>
14;287;(14,10);;<1>
14;288;(15,10);;<1>
14;289;(16,10);;<1>
14;290;(17,10);;<1>
14;291;(1,11);;<1>
14;292;(2,11);;<1>
14;293;(4,11);;<1>
14;294;(5,11);;<1>
14;295;(7,11);;<1>
14;296;(8,11);;<1>
14;297;(10,15);;<1>
14;298;(9,11);;<1>
14;299;(9,15);;<1>
14;300;(10,11);;<1>
14;301;(11,11);;<1>
14;302;(12,11);;<1>
14;303;(13,11);;<1>
14;304;(14,11);;<1>
14;305;(15,11);;<1>
14;306;(16,11);;<1>
14;307;(17,11);;<1>
14;308;(4,18);;<1>
14;309;(1,13);;<1>
14;310;(2,13);;<1>
14;311;(1,18);;<1>
14;312;(4,13);;<1>
14;313;(5,13);;<1>
14;314;(7,13);;<1>
14;315;(10,18);;<1>
14;316;(8,13);;<1>
14;317;(10,17);;<1>
14;318;(9,13);;<1>
14;319;(8,18);;<1>
14;320;(9,17);;<1>
14;321;(10,13);;<1>
14;322;(14,18);;<1>
14;323;(11,13);;<1>
14;324;(12,13);;<1>
14;325;(13,13);;<1>
14;326;(11,18);;<1>
14;327;(14,13);;<1>
14;328;(16,13);;<1>
14;329;(17,13);;<1>
14;330;(18,13);;<1>
14;331;(1,14);;<1>
14;332;(2,14);;<1>
14;333;(4,14);;<1>
14;334;(5,14);;<1>
14;335;(7,14);;<1>
14;336;(8,14);;<1>
14;337;(11,14);;<1>
14;338;(12,14);;<1>
14;339;(13,14);;<1>
14;340;(14,14);;<1>
14;341;(15,14);;<1>
14;342;(16,14);;<1>
14;343;(17,14);;<1>
14;344;(18,14);;<1>
14;345;(1,15);;<1>
14;346;(2,15);;<1>
14;347;(4,15);;<1>
14;348;(5,15);;<1>
14;349;(7,15);;<1>
14;350;(8,15);;<1>
14;351;(11,15);;<1>
14;352;(12,15);;<1>
14;353;(13,15);;<1>
14;354;(14,15);;<1>
14;355;(15,15);;<1>
14;356;(16,15);;<1>
14;357;(17,15);;<1>
14;358;(18,15);;<1>
14;359;(1,16);;<1>
14;360;(2,16);;<1>
14;361;(4,16);;<1>
14;362;(5,16);;<1>
14;363;(9,19);;<1>
14;364;(8,16);;<1>
14;365;(11,16);;<1>
14;366;(12,16);;<1>
14;367;(13,16);;<1>
14;368;(14,16);;<1>
14;369;(15,16);;<1>
14;370;(16,16);;<1>
14;371;(17,16);;<1>
14;372;(18,16);;<1>
14;373;(1,17);;<1>
14;374;(2,17);;<1>
14;375;(4,17);;<1>
14;376;(5,17);;<1>
14;377;(9,18);;<1>
14;378;(8,17);;<1>
14;379;(11,17);;<1>
14;380;(12,17);;<1>
14;381;(13,17);;<1>
14;382;(14,17);;<1>
14;383;(15,17);;<1>
14;384;(16,17);;<1>
14;385;(17,17);;<1>
14;386;(18,17);;<1>
14;387;(2,18);;<1>
14;388;(5,18);;<1>
14;389;(6,18);;<1>
14;390;(12,18);;<1>
14;391;(13,18);;<1>
14;392;(16,18);;<1>
14;393;(17,18);;<1>
14;394;(2,19);;<1>
14;395;(5,19);;<1>
14;396;(6,19);;<1>
14;397;(12,19);;<1>
14;398;(13,19);;<1>
14;399;(16,19);;<1>
14;400;(17,19);;<1>
